<?xml version="1.0"?>
<doc>
    <assembly>
        <name>Flatbed.Dialog.Lite</name>
    </assembly>
    <members>
        <member name="T:AlphaOmega.Flatbed.Dialog.Bll.AssemblyDataSet">
             <summary>
            Represents a strongly typed in-memory cache of data.
            </summary>
        </member>
        <member name="T:AlphaOmega.Flatbed.Dialog.Bll.AssemblyDataSet.AssemblyDataTable">
             <summary>
            Represents the strongly named DataTable class.
            </summary>
        </member>
        <member name="T:AlphaOmega.Flatbed.Dialog.Bll.AssemblyDataSet.AssemblyValuesDataTable">
             <summary>
            Represents the strongly named DataTable class.
            </summary>
        </member>
        <member name="T:AlphaOmega.Flatbed.Dialog.Bll.AssemblyDataSet.AssemblyRow">
             <summary>
            Represents strongly named DataRow class.
            </summary>
        </member>
        <member name="T:AlphaOmega.Flatbed.Dialog.Bll.AssemblyDataSet.AssemblyValuesRow">
             <summary>
            Represents strongly named DataRow class.
            </summary>
        </member>
        <member name="T:AlphaOmega.Flatbed.Dialog.Bll.AssemblyDataSet.AssemblyRowChangeEvent">
             <summary>
            Row event argument class
            </summary>
        </member>
        <member name="T:AlphaOmega.Flatbed.Dialog.Bll.AssemblyDataSet.AssemblyValuesRowChangeEvent">
             <summary>
            Row event argument class
            </summary>
        </member>
        <member name="T:AlphaOmega.Flatbed.Dialog.Bll.Constant">
            <summary>Application constants</summary>
        </member>
        <member name="T:AlphaOmega.Flatbed.Dialog.Bll.Constant.File">
            <summary>File naming constants</summary>
        </member>
        <member name="F:AlphaOmega.Flatbed.Dialog.Bll.Constant.File.WindowsFormsFileName">
            <summary>File to store opened windows and location on application exit</summary>
        </member>
        <member name="T:AlphaOmega.Flatbed.Dialog.Bll.FlatbedArgs">
            <summary>Arguments required to execute the functionality of the main module</summary>
        </member>
        <member name="P:AlphaOmega.Flatbed.Dialog.Bll.FlatbedArgs.PluginPath">
            <summary>The path to the folder with plugins. Passed with arguments</summary>
        </member>
        <member name="P:AlphaOmega.Flatbed.Dialog.Bll.FlatbedArgs.DefaultPlugin">
            <summary>Default Kernel plugin that can be passed with arguments</summary>
        </member>
        <member name="M:AlphaOmega.Flatbed.Dialog.Bll.FlatbedArgs.GetArgKeyValue(System.String)">
            <summary>Get value from arguments transferred to application on run</summary>
            <param name="key">Argument key</param>
            <returns>Argument value or null if nothing passed with this key</returns>
        </member>
        <member name="T:AlphaOmega.Flatbed.Dialog.Bll.WindowSateBll">
            <summary>Class to save and restore opened windows, size and positions</summary>
        </member>
        <member name="M:AlphaOmega.Flatbed.Dialog.Bll.WindowSateBll.#ctor">
            <summary>Create instance of windows state logic</summary>
            <exception cref="T:System.ArgumentNullException">host is null</exception>
        </member>
        <member name="M:AlphaOmega.Flatbed.Dialog.Bll.WindowSateBll.OnSaveAsyncException(System.Exception)">
            <summary>Exception on asynchronous saving windows sate as XML file to file system</summary>
            <param name="exc">Exception that occurred in different thread</param>
        </member>
        <member name="M:AlphaOmega.Flatbed.Dialog.Bll.WindowSateBll.LoadDefaultState(AlphaOmega.Flatbed.Dialog.Windows.WindowControl@)">
            <summary>Set window state that is stored previously</summary>
            <param name="window">Window control</param>
        </member>
        <member name="M:AlphaOmega.Flatbed.Dialog.Bll.WindowSateBll.SaveDefaultState(AlphaOmega.Flatbed.Dialog.Windows.WindowControl)">
            <summary>Save window state and position</summary>
            <param name="window">Window control</param>
        </member>
        <member name="M:AlphaOmega.Flatbed.Dialog.Bll.WindowSateBll.GetDefaultState(System.Type)">
            <summary>Gets previously opened window state by window type</summary>
            <param name="windowType">Window control type</param>
            <returns>Get position, size and window state previously saved</returns>
        </member>
        <member name="T:AlphaOmega.Flatbed.Dialog.Bll.WindowStateDataSet">
             <summary>
            Represents a strongly typed in-memory cache of data.
            </summary>
        </member>
        <member name="T:AlphaOmega.Flatbed.Dialog.Bll.WindowStateDataSet.DefaultStateRow">
             <summary>
            Represents strongly named DataRow class.
            </summary>
        </member>
        <member name="P:AlphaOmega.Flatbed.Dialog.Bll.WindowStateDataSet.DefaultStateRow.LocationI">
            <summary>Stored window location</summary>
        </member>
        <member name="P:AlphaOmega.Flatbed.Dialog.Bll.WindowStateDataSet.DefaultStateRow.SizeI">
            <summary>Stored window size</summary>
        </member>
        <member name="P:AlphaOmega.Flatbed.Dialog.Bll.WindowStateDataSet.DefaultStateRow.WindowStateI">
            <summary>Stored default window state</summary>
        </member>
        <member name="M:AlphaOmega.Flatbed.Dialog.Bll.WindowStateDataSet.DefaultStateRow.ObjectToBytes``1(``0)">
            <summary>Convert structure to byte array</summary>
            <typeparam name="T">Type of structure</typeparam>
            <param name="item">The item to convert to Byte[]</param>
            <returns>Array of bytes</returns>
        </member>
        <member name="M:AlphaOmega.Flatbed.Dialog.Bll.WindowStateDataSet.DefaultStateRow.BytesToObject``1(System.Byte[])">
            <summary>Convert byte array to structure</summary>
            <typeparam name="T">Type of structure</typeparam>
            <param name="data">The array of byte which converts to structure</param>
            <returns></returns>
        </member>
        <member name="T:AlphaOmega.Flatbed.Dialog.Bll.WindowStateDataSet.OpenedWindowsRow">
             <summary>
            Represents strongly named DataRow class.
            </summary>
        </member>
        <member name="P:AlphaOmega.Flatbed.Dialog.Bll.WindowStateDataSet.OpenedWindowsRow.SettingsI">
            <summary>Настройки открытого окна</summary>
        </member>
        <member name="T:AlphaOmega.Flatbed.Dialog.Bll.WindowStateDataSet.OpenedWindowsDataTable">
             <summary>
            Represents the strongly named DataTable class.
            </summary>
        </member>
        <member name="T:AlphaOmega.Flatbed.Dialog.Bll.WindowStateDataSet.DefaultStateDataTable">
             <summary>
            Represents the strongly named DataTable class.
            </summary>
        </member>
        <member name="T:AlphaOmega.Flatbed.Dialog.Bll.WindowStateDataSet.OpenedWindowsRowChangeEvent">
             <summary>
            Row event argument class
            </summary>
        </member>
        <member name="T:AlphaOmega.Flatbed.Dialog.Bll.WindowStateDataSet.DefaultStateRowChangeEvent">
             <summary>
            Row event argument class
            </summary>
        </member>
        <member name="T:AlphaOmega.Flatbed.Dialog.Controls.DarkThemeManager.NativeMethods.DWMWINDOWATTRIBUTE">
            <summary>Options used by the DwmGetWindowAttribute and DwmSetWindowAttribute functions.</summary>
        </member>
        <member name="F:AlphaOmega.Flatbed.Dialog.Controls.DarkThemeManager.NativeMethods.DWMWINDOWATTRIBUTE.USE_IMMERSIVE_DARK_MODE">
            <summary>Allows the window frame for this window to be drawn in dark mode colors when the dark mode system setting is enabled.</summary>
            <remarks>
            For compatibility reasons, all windows default to light mode regardless of the system setting.
            The pvAttribute parameter points to a value of type BOOL.
            TRUE to honor dark mode for the window, FALSE to always use light mode.
            This value is supported starting with Windows 11 Build 22000.
            </remarks>
        </member>
        <member name="M:AlphaOmega.Flatbed.Dialog.Controls.DarkThemeManager.NativeMethods.DwmSetWindowAttribute(System.IntPtr,AlphaOmega.Flatbed.Dialog.Controls.DarkThemeManager.NativeMethods.DWMWINDOWATTRIBUTE,System.Int32@,System.Int32)">
            <summary>Sets the value of Desktop Window Manager (DWM) non-client rendering attributes for a window.</summary>
            <param name="hwnd">The handle to the window for which the attribute value is to be set.</param>
            <param name="dwAttribute">
            A flag describing which value to set, specified as a value of the <see cref="T:AlphaOmega.Flatbed.Dialog.Controls.DarkThemeManager.NativeMethods.DWMWINDOWATTRIBUTE"/> enumeration.
            This parameter specifies which attribute to set, and the pvAttribute parameter points to an object containing the attribute value.
            </param>
            <param name="pvAttribute">
            A pointer to an object containing the attribute value to set.
            The type of the value set depends on the value of the dwAttribute parameter.
            The DWMWINDOWATTRIBUTE enumeration topic indicates, in the row for each flag, what type of value you should pass a pointer to in the pvAttribute parameter.
            </param>
            <param name="cbAttribute">
            The size, in bytes, of the attribute value being set via the pvAttribute parameter.
            The type of the value set, and therefore its size in bytes, depends on the value of the dwAttribute parameter.
            </param>
            <returns></returns>
        </member>
        <member name="T:AlphaOmega.Flatbed.Dialog.Dialogs.PanelOutput">
            <summary>Show trace message in UI</summary>
        </member>
        <member name="P:AlphaOmega.Flatbed.Dialog.Dialogs.PanelOutput.ActiveLog">
            <summary>Active element for writing events selected by the user</summary>
        </member>
        <member name="P:AlphaOmega.Flatbed.Dialog.Dialogs.PanelOutput.ActiveOutputType">
            <summary>Current opened log</summary>
        </member>
        <member name="M:AlphaOmega.Flatbed.Dialog.Dialogs.PanelOutput.#ctor">
            <summary>Create logging panel instance</summary>
        </member>
        <member name="M:AlphaOmega.Flatbed.Dialog.Dialogs.PanelOutput.OnCreateControl">
            <inheritdoc/>
        </member>
        <member name="M:AlphaOmega.Flatbed.Dialog.Dialogs.PanelOutput.AddMessage(System.String,System.String)">
            <summary>Add event to log grouped by title</summary>
            <param name="title">Message title</param>
            <param name="message">Message to log</param>
        </member>
        <member name="M:AlphaOmega.Flatbed.Dialog.Dialogs.PanelOutput.FormatEventMessage(System.String)">
            <summary>Format event to store it in the log window</summary>
            <param name="message">Message to which apply formatting</param>
            <returns>Formatted message</returns>
        </member>
        <member name="F:AlphaOmega.Flatbed.Dialog.Dialogs.PanelOutput.components">
            <summary>
            Required designer variable.
            </summary>
        </member>
        <member name="M:AlphaOmega.Flatbed.Dialog.Dialogs.PanelOutput.Dispose(System.Boolean)">
            <summary>
            Clean up any resources being used.
            </summary>
            <param name="disposing">true if managed resources should be disposed; otherwise, false.</param>
        </member>
        <member name="M:AlphaOmega.Flatbed.Dialog.Dialogs.PanelOutput.InitializeComponent">
            <summary>
            Required method for Designer support - do not modify
            the contents of this method with the code editor.
            </summary>
        </member>
        <member name="F:AlphaOmega.Flatbed.Dialog.Dialogs.SelectPluginDlg._defaultPlugin">
            <summary>User plugin by default</summary>
        </member>
        <member name="P:AlphaOmega.Flatbed.Dialog.Dialogs.SelectPluginDlg.SelectedPlugin">
            <summary>Selected user plugin</summary>
        </member>
        <member name="M:AlphaOmega.Flatbed.Dialog.Dialogs.SelectPluginDlg.SelectPlugin``1(SAL.Flatbed.IPluginStorage)">
            <summary>Search for plugin by specific type</summary>
            <typeparam name="T">Plugin interface which we need to find</typeparam>
            <param name="storage">Plugin storage</param>
            <returns>Found plugin interface or null if not any</returns>
        </member>
        <member name="M:AlphaOmega.Flatbed.Dialog.Dialogs.SelectPluginDlg.SelectPlugin``1(SAL.Flatbed.IPluginStorage,System.String@)">
            <summary>Search for a plugin with specific type</summary>
            <typeparam name="T">Plugin interface that is need to find</typeparam>
            <param name="storage">Plugins storage with all loaded plugins</param>
            <param name="defaultPlugin">Default plugin name that previously contains needed interface</param>
            <returns>Found plugin interface or null if not any</returns>
        </member>
        <member name="M:AlphaOmega.Flatbed.Dialog.Dialogs.SelectPluginDlg.SelectPlugin(System.Collections.Generic.IEnumerable{SAL.Flatbed.IPluginDescription},System.String@)">
            <summary>Get selected plugin interface of a specific type</summary>
            <remarks>If more than one plugin is found and <c>defaultPlugin</c> undefined, a dialog box will be shown</remarks>
            <param name="plugins">Array of plugins where plugin will be searched</param>
            <param name="defaultPlugin">Default plugin that is selected if it's found in the array</param>
            <returns>Found plugin interface or null if none plugin found</returns>
        </member>
        <member name="F:AlphaOmega.Flatbed.Dialog.Dialogs.SelectPluginDlg.components">
            <summary>
            Required designer variable.
            </summary>
        </member>
        <member name="M:AlphaOmega.Flatbed.Dialog.Dialogs.SelectPluginDlg.Dispose(System.Boolean)">
            <summary>
            Clean up any resources being used.
            </summary>
            <param name="disposing">true if managed resources should be disposed; otherwise, false.</param>
        </member>
        <member name="M:AlphaOmega.Flatbed.Dialog.Dialogs.SelectPluginDlg.InitializeComponent">
            <summary>
            Required method for Designer support - do not modify
            the contents of this method with the code editor.
            </summary>
        </member>
        <member name="T:AlphaOmega.Flatbed.Dialog.Logging.ConsoleReader">
            <summary>Console writer that will write all messages to console (If available)</summary>
        </member>
        <member name="T:AlphaOmega.Flatbed.Dialog.Menu.Menu">
            <inheritdoc/>
        </member>
        <member name="P:AlphaOmega.Flatbed.Dialog.Menu.Menu.Items">
            <inheritdoc/>
        </member>
        <member name="M:AlphaOmega.Flatbed.Dialog.Menu.Menu.SAL#Windows#IMenu#Create(System.String,System.Object,System.EventHandler)">
            <summary>Initializes a new instance of the System.Windows.Forms.ToolStripMenuItem class that displays the specified text and image and that does the specified action when the System.Windows.Forms.ToolStripMenuItem is clicked</summary>
            <param name="text">The text to display on the menu item</param>
            <param name="image">The <see cref="T:System.Drawing.Image" /> to display on the control</param>
            <param name="onClick">An event handler that raises the System.Windows.Forms.Control.Click event when the control is clicked</param>
        </member>
        <member name="M:AlphaOmega.Flatbed.Dialog.Menu.Menu.SAL#Windows#IMenu#Create(System.String,System.Object)">
            <summary>Initializes a new instance of the System.Windows.Forms.ToolStripMenuItem class that displays the specified text and image</summary>
            <param name="text">The text to display on the menu item</param>
            <param name="image">The <see cref="T:System.Drawing.Image"/> to display on the control</param>
        </member>
        <member name="M:AlphaOmega.Flatbed.Dialog.Menu.Menu.SAL#Windows#IMenu#Create(System.String)">
            <summary>Initializes a new instance of the System.Windows.Forms.ToolStripMenuItem class that displays the specified text</summary>
            <param name="text">The text to display on the menu item</param>
        </member>
        <member name="T:AlphaOmega.Flatbed.Dialog.Menu.MenuItem">
            <inheritdoc/>
        </member>
        <member name="E:AlphaOmega.Flatbed.Dialog.Menu.MenuItem.Click">
            <inheritdoc/>
        </member>
        <member name="P:AlphaOmega.Flatbed.Dialog.Menu.MenuItem.SAL#Windows#IMenuItem#Name">
            <inheritdoc/>
        </member>
        <member name="P:AlphaOmega.Flatbed.Dialog.Menu.MenuItem.ParentItem">
            <inheritdoc/>
        </member>
        <member name="P:AlphaOmega.Flatbed.Dialog.Menu.MenuItem.SAL#Windows#IMenuItem#Root">
            <inheritdoc/>
        </member>
        <member name="P:AlphaOmega.Flatbed.Dialog.Menu.MenuItem.SAL#Windows#IMenuItem#Text">
            <inheritdoc/>
        </member>
        <member name="P:AlphaOmega.Flatbed.Dialog.Menu.MenuItem.SAL#Windows#IMenu#IsDropDown">
            <inheritdoc/>
        </member>
        <member name="P:AlphaOmega.Flatbed.Dialog.Menu.MenuItem.Items">
            <inheritdoc/>
        </member>
        <member name="M:AlphaOmega.Flatbed.Dialog.Menu.MenuItem.#ctor(System.String)">
            <summary>Initializes a new instance of the System.Windows.Forms.ToolStripMenuItem class that displays the specified text</summary>
            <param name="text">The text to display on the menu item</param>
        </member>
        <member name="M:AlphaOmega.Flatbed.Dialog.Menu.MenuItem.#ctor(System.String,System.Drawing.Image)">
            <summary>Initializes a new instance of the System.Windows.Forms.ToolStripMenuItem class that displays the specified text and image</summary>
            <param name="text">The text to display on the menu item</param>
            <param name="image">The System.Drawing.Image to display on the control</param>
        </member>
        <member name="M:AlphaOmega.Flatbed.Dialog.Menu.MenuItem.#ctor(System.String,System.Drawing.Image,System.EventHandler)">
            <summary>Initializes a new instance of the System.Windows.Forms.ToolStripMenuItem class that displays the specified text and image and that does the specified action when the System.Windows.Forms.ToolStripMenuItem is clicked</summary>
            <param name="text">The text to display on the menu item</param>
            <param name="image">The System.Drawing.Image to display on the control</param>
            <param name="onClick">An event handler that raises the System.Windows.Forms.Control.Click event when the control is clicked</param>
        </member>
        <member name="M:AlphaOmega.Flatbed.Dialog.Menu.MenuItem.SAL#Windows#IMenu#Create(System.String)">
            <summary>Initializes a new instance of the System.Windows.Forms.ToolStripMenuItem class that displays the specified text</summary>
            <param name="text">The text to display on the menu item</param>
        </member>
        <member name="M:AlphaOmega.Flatbed.Dialog.Menu.MenuItem.SAL#Windows#IMenu#Create(System.String,System.Object)">
            <summary>Initializes a new instance of the System.Windows.Forms.ToolStripMenuItem class that displays the specified text and image</summary>
            <param name="text">The text to display on the menu item</param>
            <param name="image">The <see cref="T:System.Drawing.Image"/> to display on the control</param>
        </member>
        <member name="M:AlphaOmega.Flatbed.Dialog.Menu.MenuItem.SAL#Windows#IMenu#Create(System.String,System.Object,System.EventHandler)">
            <summary>Initializes a new instance of the System.Windows.Forms.ToolStripMenuItem class that displays the specified text and image and that does the specified action when the System.Windows.Forms.ToolStripMenuItem is clicked</summary>
            <param name="text">The text to display on the menu item</param>
            <param name="image">The <see cref="T:System.Drawing.Image"/> to display on the control</param>
            <param name="onClick">An event handler that raises the System.Windows.Forms.Control.Click event when the control is clicked</param>
        </member>
        <member name="M:AlphaOmega.Flatbed.Dialog.Menu.MenuItem.SAL#Windows#IMenu#FindMenuItem(System.String)">
            <inheritdoc/>
        </member>
        <member name="T:AlphaOmega.Flatbed.Dialog.Menu.MenuItemCollection">
            <inheritdoc/>
        </member>
        <member name="P:AlphaOmega.Flatbed.Dialog.Menu.MenuItemCollection.SAL#Windows#IMenuItemCollection#Count">
            <inheritdoc/>
        </member>
        <member name="P:AlphaOmega.Flatbed.Dialog.Menu.MenuItemCollection.SAL#Flatbed#IHostItem#Object">
            <inheritdoc/>
        </member>
        <member name="P:AlphaOmega.Flatbed.Dialog.Menu.MenuItemCollection.SAL#Windows#IMenuItemCollection#Item(System.Int32)">
            <inheritdoc/>
        </member>
        <member name="M:AlphaOmega.Flatbed.Dialog.Menu.MenuItemCollection.SAL#Windows#IMenuItemCollection#Add(SAL.Windows.IMenuItem)">
            <inheritdoc/>
        </member>
        <member name="M:AlphaOmega.Flatbed.Dialog.Menu.MenuItemCollection.GetEnumerator">
            <summary>Gets list of all menu items in the current collection</summary>
            <returns>List of all menu items</returns>
        </member>
        <member name="T:AlphaOmega.Flatbed.Dialog.Plugins.HostDialog">
            <summary>Base host dialog</summary>
        </member>
        <member name="P:AlphaOmega.Flatbed.Dialog.Plugins.HostDialog.Object">
            <inheritdoc/>
        </member>
        <member name="P:AlphaOmega.Flatbed.Dialog.Plugins.HostDialog.Kernel">
            <summary>Current Kernel plugin instance</summary>
        </member>
        <member name="P:AlphaOmega.Flatbed.Dialog.Plugins.HostDialog.KernelPlugin">
            <summary>Current kernel plugin description</summary>
        </member>
        <member name="P:AlphaOmega.Flatbed.Dialog.Plugins.HostDialog.Cache">
            <summary>Caching data in storage</summary>
            <remarks>TODO: After migrating to .NET 4 change cache to MemoryCache</remarks>
        </member>
        <member name="P:AlphaOmega.Flatbed.Dialog.Plugins.HostDialog.Windows">
            <inheritdoc/>
        </member>
        <member name="M:AlphaOmega.Flatbed.Dialog.Plugins.HostDialog.LoadPlugins(System.String@)">
            <summary>Search and load plugins in specific plugin path</summary>
            <param name="defaultKernelPlugin">Default kernel plugin</param>
            <remarks>If folder is not specified or not exists, then folder <see cref="T:AppDomain.CurrentDomain.BaseDirectory"/> will be used</remarks>
        </member>
        <member name="M:AlphaOmega.Flatbed.Dialog.Plugins.HostDialog.GetSessionValue(System.String)">
            <summary>Get session variable</summary>
            <param name="name">Session key</param>
            <returns>Session value or null</returns>
        </member>
        <member name="M:AlphaOmega.Flatbed.Dialog.Plugins.HostDialog.SetSessionValue(System.String,System.Object)">
            <inheritdoc/>
        </member>
        <member name="M:AlphaOmega.Flatbed.Dialog.Plugins.HostDialog.UnloadPlugins(SAL.Flatbed.DisconnectMode)">
            <summary>Close all loaded plugins while sending them <see cref="M:SAL.Flatbed.IPlugin.OnDisconnection(SAL.Flatbed.DisconnectMode)"/> event</summary>
            <param name="reason">Reason while plugins are unloaded</param>
        </member>
        <member name="P:AlphaOmega.Flatbed.Dialog.ProgramWnd.OutputControl">
            <summary>Message logging window control</summary>
        </member>
        <member name="T:AlphaOmega.Flatbed.Dialog.Properties.Resources">
            <summary>
              A strongly-typed resource class, for looking up localized strings, etc.
            </summary>
        </member>
        <member name="P:AlphaOmega.Flatbed.Dialog.Properties.Resources.ResourceManager">
            <summary>
              Returns the cached ResourceManager instance used by this class.
            </summary>
        </member>
        <member name="P:AlphaOmega.Flatbed.Dialog.Properties.Resources.Culture">
            <summary>
              Overrides the current thread's CurrentUICulture property for all
              resource lookups using this strongly typed resource class.
            </summary>
        </member>
        <member name="P:AlphaOmega.Flatbed.Dialog.Properties.Resources.iconDelete">
            <summary>
              Looks up a localized resource of type System.Drawing.Bitmap.
            </summary>
        </member>
        <member name="P:AlphaOmega.Flatbed.Dialog.Properties.Resources.PanelEvents">
            <summary>
              Looks up a localized resource of type System.Drawing.Icon similar to (Icon).
            </summary>
        </member>
        <member name="P:AlphaOmega.Flatbed.Dialog.Properties.Resources.PanelOutput">
            <summary>
              Looks up a localized resource of type System.Drawing.Icon similar to (Icon).
            </summary>
        </member>
        <member name="P:AlphaOmega.Flatbed.Dialog.Properties.Resources.WFC">
            <summary>
              Looks up a localized resource of type System.Drawing.Icon similar to (Icon).
            </summary>
        </member>
        <member name="T:AlphaOmega.Flatbed.Dialog.Windows.WindowControl">
            <summary>Base window form control to host plugins components</summary>
        </member>
        <member name="E:AlphaOmega.Flatbed.Dialog.Windows.WindowControl.Closing">
            <summary>Overriding base Closing event to hide window instead of close.</summary>
        </member>
        <member name="P:AlphaOmega.Flatbed.Dialog.Windows.WindowControl.Control">
            <summary>Gets the control that is hosted in this window.</summary>
        </member>
        <member name="P:AlphaOmega.Flatbed.Dialog.Windows.WindowControl.SAL#Flatbed#IHostItem#Object">
            <inheritdoc/>
        </member>
        <member name="P:AlphaOmega.Flatbed.Dialog.Windows.WindowControl.Plugin">
            <summary>The plugin that owns current window.</summary>
        </member>
        <member name="P:AlphaOmega.Flatbed.Dialog.Windows.WindowControl.HideOnClose">
            <summary>Hide current window instead of dispose.</summary>
        </member>
        <member name="M:AlphaOmega.Flatbed.Dialog.Windows.WindowControl.SAL#Windows#IWindow#AddEventHandler(System.String,System.EventHandler{SAL.Flatbed.DataEventArgs})">
            <summary>Attach event to public plugin event</summary>
            <param name="eventName">Reflected name of the event</param>
            <param name="handler">Event handler who will receive callback events from plugin</param>
        </member>
        <member name="M:AlphaOmega.Flatbed.Dialog.Windows.WindowControl.SAL#Windows#IWindow#RemoveEventHandler(System.String,System.EventHandler{SAL.Flatbed.DataEventArgs})">
            <summary>Remove event from public plugin event</summary>
            <param name="eventName">Reflected name of the event</param>
            <param name="handler">Event handler that we need to detach from event</param>
        </member>
        <member name="M:AlphaOmega.Flatbed.Dialog.Windows.WindowControl.OnClosed(System.EventArgs)">
            <inheritdoc/>
        </member>
        <member name="M:AlphaOmega.Flatbed.Dialog.Windows.WindowControl.OnClosing(System.ComponentModel.CancelEventArgs)">
            <inheritdoc/>
        </member>
        <member name="T:AlphaOmega.Flatbed.Dialog.Windows.WindowsContainer">
            <inheritdoc/>
        </member>
        <member name="P:AlphaOmega.Flatbed.Dialog.Windows.WindowsContainer.Count">
            <inheritdoc/>
        </member>
        <member name="P:AlphaOmega.Flatbed.Dialog.Windows.WindowsContainer.Item(System.Int32)">
            <inheritdoc/>
        </member>
        <member name="M:AlphaOmega.Flatbed.Dialog.Windows.WindowsContainer.SearchPluginForm(System.String,System.Object)">
            <summary>Search for specific form</summary>
            <param name="formType">Type of form to search</param>
            <param name="args">Arguments transferred to found form</param>
            <returns>Window interface of found window or null</returns>
        </member>
        <member name="M:AlphaOmega.Flatbed.Dialog.Windows.WindowsContainer.ShowPluginForm(System.String,System.String,System.Object)">
            <summary>Show plugin form to user</summary>
            <param name="pluginId">Plugin identifier that contains form</param>
            <param name="formType">Form type name from plugin</param>
            <param name="args">Form arguments</param>
            <returns>
            Plugin found
            Form opened
            Arguments are recognized in the form when passed if form inherits interface <see cref="T:SAL.Flatbed.IPluginSettings"/>
            </returns>
        </member>
        <member name="M:AlphaOmega.Flatbed.Dialog.Windows.WindowsContainer.GetEnumerator">
            <inheritdoc/>
        </member>
        <member name="M:AlphaOmega.Flatbed.Dialog.Windows.WindowsContainer.System#Collections#IEnumerable#GetEnumerator">
            <inheritdoc/>
        </member>
        <member name="T:AlphaOmega.Bll.BllBase`2">
            <summary>Base class responsible for getting data from typed DataSet'ов</summary>
            <remarks>
            15.06.2011 - Added monitoring of file changes on the hard disk
            </remarks>
            <typeparam name="T">Used typed DataSet</typeparam>
            <typeparam name="U">Used typed row from typed DataSet'е with a type <see cref="!:T"/></typeparam>
        </member>
        <member name="F:AlphaOmega.Bll.BllBase`2._watcher">
            <summary>Disk File Change Monitor</summary>
        </member>
        <member name="P:AlphaOmega.Bll.BllBase`2.ConfigFileName">
            <summary>Path to the application configuration file</summary>
        </member>
        <member name="P:AlphaOmega.Bll.BllBase`2.DataSet">
            <summary>Loaded DataSet with application settings</summary>
        </member>
        <member name="P:AlphaOmega.Bll.BllBase`2.IsRowExists">
            <summary>Check for the existsnce of at least one row</summary>
        </member>
        <member name="P:AlphaOmega.Bll.BllBase`2.Table">
            <summary>Business logic table</summary>
        </member>
        <member name="P:AlphaOmega.Bll.BllBase`2.Row">
            <summary>Forst row from table</summary>
        </member>
        <member name="P:AlphaOmega.Bll.BllBase`2.Item(System.Int32)">
            <summary>Get row from current table</summary>
            <param name="index">Row index</param>
            <returns>Row from table by index or null</returns>
        </member>
        <member name="P:AlphaOmega.Bll.BllBase`2.TableId">
            <summary>Table identifier from the DataSet</summary>
        </member>
        <member name="E:AlphaOmega.Bll.BllBase`2.SaveCompeted">
            <summary>Event on completion of data saving</summary>
        </member>
        <member name="M:AlphaOmega.Bll.BllBase`2.#ctor(System.Int32)">
            <summary>Creating an instance of the basic business logic class with loading the contents of the DataSet</summary>
            <remarks>In case of an error reading the settings file, the data is not loaded, no exception is thrown</remarks>
            <param name="tableId">Table identifier</param>
        </member>
        <member name="M:AlphaOmega.Bll.BllBase`2.#ctor(System.String,System.Int32)">
            <summary>Creating an instance of the base business logic class using the loaded DataSet</summary>
            <param name="configFileName">The name of the file from which to load the DataSet</param>
            <param name="tableId">Table identifier that marked as primary in current DataSet</param>
        </member>
        <member name="M:AlphaOmega.Bll.BllBase`2.#ctor(System.String,System.Int32,`0)">
            <summary>Creating an instance of the base business logic class using the DataSet loaded in memory</summary>
            <param name="configFileName">The name of a file from which to load a DataSet</param>
            <param name="tableId">Table identifier from dataset</param>
            <param name="dataSet">Object with data</param>
        </member>
        <member name="M:AlphaOmega.Bll.BllBase`2.Load(System.Boolean)">
            <summary>Loading parameters from a configuration file</summary>
        </member>
        <member name="M:AlphaOmega.Bll.BllBase`2.Save">
            <summary>Saving DataSet to disk</summary>
        </member>
        <member name="M:AlphaOmega.Bll.BllBase`2.SaveAsync">
            <summary>Save DataSync to disk asynchronous</summary>
        </member>
        <member name="M:AlphaOmega.Bll.BllBase`2.SaveAsync(System.Object)">
            <summary>Save data in tables asynchronous</summary>
            <param name="state">Current Business Logic Layer</param>
        </member>
        <member name="M:AlphaOmega.Bll.BllBase`2.Clear">
            <summary>Remove data from all tables in the <see cref="T:System.Data.DataSet"/></summary>
        </member>
        <member name="M:AlphaOmega.Bll.BllBase`2.ClearTable">
            <summary>Clear current table</summary>
        </member>
        <member name="M:AlphaOmega.Bll.BllBase`2.Delete">
            <summary>Physically remove file from file system</summary>
        </member>
        <member name="M:AlphaOmega.Bll.BllBase`2.OnSaveAsyncException(System.Exception)">
            <summary> When an exception occurs when saving a file asynchronously</summary>
            <param name="exc">Exception</param>
        </member>
        <member name="M:AlphaOmega.Bll.BllBase`2.GetConfigFilePath">
            <summary>Get the path to XML file</summary>
            <returns>path to XML file</returns>
        </member>
        <member name="M:AlphaOmega.Bll.BllBase`2.Dispose">
            <summary>Clear the memory occupied by this object</summary>
        </member>
        <member name="M:AlphaOmega.Bll.BllBase`2.Dispose(System.Boolean)">
            <summary>Clear the memory occupied by this object and eliminate all unmanaged code</summary>
            <param name="isManaged">Dispose managed code</param>
        </member>
        <member name="T:Blue.Private.Win32Imports.Win32">
            <summary>Win32 is just a placeholder for some Win32 imported definitions</summary>
        </member>
        <member name="T:Blue.Private.Win32Imports.Win32.VK">
            <summary>VK is just a placeholder for VK (VirtualKey) general definitions</summary>
        </member>
        <member name="T:Blue.Private.Win32Imports.Win32.WM">
            <summary>WM is just a placeholder class for WM (WindowMessage) definitions</summary>
        </member>
        <member name="T:Blue.Private.Win32Imports.Win32.HT">
            <summary>HT is just a placeholder for HT (HitTest) definitions</summary>
        </member>
        <member name="T:Blue.Windows.StickyWindow">
            <summary>
            A windows that Sticks to other windows of the same type when moved or resized.
            You get a nice way of organizing multiple top-level windows.
            Quite similar with WinAmp 2.x style of sticking the windows
            </summary>
        </member>
        <member name="F:Blue.Windows.StickyWindow.GlobalStickyWindows">
            <summary>Global List of registered StickyWindows</summary>
        </member>
        <member name="P:Blue.Windows.StickyWindow.StickGap">
            <summary>Distance in pixels between two forms or a form and the screen where the sticking should start</summary>
        </member>
        <member name="P:Blue.Windows.StickyWindow.StickOnResize">
            <summary>Allow the form to stick while resizing</summary>
        </member>
        <member name="P:Blue.Windows.StickyWindow.StickOnMove">
            <summary>Allow the form to stick while moving</summary>
        </member>
        <member name="P:Blue.Windows.StickyWindow.StickToScreen">
            <summary>Allow sticking to Screen Margins</summary>
        </member>
        <member name="P:Blue.Windows.StickyWindow.StickToOther">
            <summary>Allow sticking to other StickWindows</summary>
        </member>
        <member name="M:Blue.Windows.StickyWindow.RegisterExternalReferenceForm(System.Windows.Forms.Form)">
            <summary>
            Register a new form as an external reference form.
            All Sticky windows will try to stick to the external references.
            Use this to register your MainFrame so the child windows try to stick to it, when your MainFrame is NOT a sticky window
            </summary>
            <param name="frmExternal">External window that will be used as reference</param>
        </member>
        <member name="M:Blue.Windows.StickyWindow.UnregisterExternalReferenceForm(System.Windows.Forms.Form)">
            <summary>Unregister a form from the external references</summary>
            <see cref="M:Blue.Windows.StickyWindow.RegisterExternalReferenceForm(System.Windows.Forms.Form)"/>
            <param name="frmExternal">External window that will was used as reference</param>
        </member>
        <member name="M:Blue.Windows.StickyWindow.#ctor(System.Windows.Forms.Form)">
            <summary>Make the form Sticky</summary>
            <param name="form">Form to be made sticky</param>
        </member>
        <member name="M:Blue.Windows.StickyWindow.DefaultMsgProcessor(System.Windows.Forms.Message@)">
            <summary>Processes messages during normal operations (while the form is not resized or moved)</summary>
            <param name="m"></param>
            <returns></returns>
        </member>
        <member name="M:Blue.Windows.StickyWindow.OnNCLButtonDown(System.Int32,System.Drawing.Point)">
            <summary>Checks where the click was in the NC area and starts move or resize operation</summary>
            <param name="iHitTest"></param>
            <param name="point"></param>
            <returns></returns>
        </member>
        <member name="M:Blue.Windows.StickyWindow.Move_Stick(System.Drawing.Rectangle,System.Boolean)">
            <summary></summary>
            <param name="toRect">Rect to try to snap to</param>
            <param name="bInsideStick">Allow snapping on the inside (eg: window to screen)</param>
        </member>
        <member name="T:SAL.Flatbed.Configuration">
            <summary>Basic host settings</summary>
        </member>
        <member name="F:SAL.Flatbed.Configuration.AssemblyFileName">
            <summary>Application settings folder</summary>
        </member>
        <member name="F:SAL.Flatbed.Configuration._company">
            <summary>The company name is the root settings folder</summary>
        </member>
        <member name="F:SAL.Flatbed.Configuration._kernelName">
            <summary>The kernel name is a child folder of the company</summary>
        </member>
        <member name="P:SAL.Flatbed.Configuration.BaseDirectory">
            <summary>Default working folder</summary>
            <remarks>DKorablin (21.09.2018): Environment.CurrentDirectory - Removed search for plugins from the current folder, because when launched through system utilities, current folder goes to %WINDIR%\System32 (runas, autorun)</remarks>
        </member>
        <member name="P:SAL.Flatbed.Configuration.Plugin.SettingsPath">
            <summary>Folder to save application settings</summary>
        </member>
        <member name="M:SAL.Flatbed.Configuration.Plugin.SetKernelForSettigns(SAL.Flatbed.IPluginDescription)">
            <summary>Set plugin to mark root settings folder</summary>
            <param name="kernel">Kernel plugin that will be used as root for application settings</param>
        </member>
        <member name="T:SAL.Flatbed.FilePluginProvider">
            <summary>A provider that provides search for plugins in the file system</summary>
        </member>
        <member name="F:SAL.Flatbed.FilePluginProvider._pluginPath">
            <summary>The folder from which the plugins were loaded</summary>
        </member>
        <member name="F:SAL.Flatbed.FilePluginProvider._failedAssembliesCache">
            <summary>Cache for failed assemblies. To speedup load time</summary>
        </member>
        <member name="P:SAL.Flatbed.FilePluginProvider.Host">
            <summary>Host running application</summary>
        </member>
        <member name="P:SAL.Flatbed.FilePluginProvider.SAL#Flatbed#IPluginProvider#ParentProvider">
            <summary>Parent plugin provider that loads current plugin provider</summary>
        </member>
        <member name="M:SAL.Flatbed.FilePluginProvider.#ctor(SAL.Flatbed.IHost)">
            <summary>Creating a plugin provider by searching for new plugins in the current directory from which the application is launched</summary>
            <param name="host">Host control interface from current application</param>
        </member>
        <member name="M:SAL.Flatbed.FilePluginProvider.#ctor(SAL.Flatbed.IHost,System.String)">
            <summary>Creating a plugin provider with a pluginPath where plugins are located</summary>
            <param name="host">Host control interface from current application</param>
            <param name="pluginPath">The path to the folder in which to search for plugins</param>
        </member>
        <member name="M:SAL.Flatbed.FilePluginProvider.SAL#Flatbed#IPluginProvider#ResolveAssembly(System.String)">
            <summary>Resolve assembly referenced by plugin</summary>
            <param name="assemblyName">The name of the required assembly</param>
            <returns>Found assembly or null</returns>
        </member>
        <member name="T:SAL.Flatbed.ObjectPropertiesUtils2">
            <summary>Various utils</summary>
        </member>
        <member name="M:SAL.Flatbed.ObjectPropertiesUtils2.CopyProperties(System.Object,System.Object)">
            <summary>Copy properties from one type to another</summary>
            <remarks>
            Primary idea is to create arguments for window arguments.
            Not intended to create copy of an object
            </remarks>
            <param name="source">Source object with values</param>
            <param name="target">Target object whose values has to be filled</param>
        </member>
        <member name="M:SAL.Flatbed.ObjectPropertiesUtils2.ParsePersistString(System.String)">
            <summary>Parse the string representation of the parameters into a key/value array</summary>
            <param name="persistString">String representation of parameters</param>
            <returns>Stream of parsed keys and values</returns>
        </member>
        <member name="M:SAL.Flatbed.ObjectPropertiesUtils2.SerializeToString(System.Object)">
            <summary>Serialize object to string</summary>
            <param name="obj">Object to serialize</param>
            <returns>Serialized object represented as Base64</returns>
        </member>
        <member name="M:SAL.Flatbed.ObjectPropertiesUtils2.DeserializeFromString(System.String)">
            <summary>Convert string from Base64 to object</summary>
            <param name="str">String in Base64 format to convert to object</param>
            <returns>Deserialized object from Base64 string</returns>
        </member>
        <member name="M:SAL.Flatbed.ObjectPropertiesUtils2.SerializeObject(System.Object)">
            <summary>Serialize object to byte array</summary>
            <remarks>CopyPaste from <c>Plugin.SqlSettingsProvider.Utils</c></remarks>
            <param name="obj">Object for serialization</param>
            <returns>Serialized object represented as a byte array</returns>
        </member>
        <member name="M:SAL.Flatbed.ObjectPropertiesUtils2.DeserializeObject(System.Byte[])">
            <summary>Deserialize byte array to object</summary>
            <remarks>CopyPaste from <c>Plugin.SqlSettingsProvider.Utils</c></remarks>
            <param name="bytes">Byte array to convert to object</param>
            <returns>Deserialized object from byte array</returns>
        </member>
        <member name="M:SAL.Flatbed.XmlSettingsPlugin.SAL#Flatbed#IPlugin#OnConnection(SAL.Flatbed.ConnectMode)">
            <summary>Method is called after connected to host</summary>
            <param name="mode">How plugin is connected</param>
            <returns>Plugin connection result</returns>
        </member>
        <member name="M:SAL.Flatbed.XmlSettingsPlugin.SAL#Flatbed#IPlugin#OnDisconnection(SAL.Flatbed.DisconnectMode)">
            <summary>Method is called by host before plugin is disconnected</summary>
            <param name="mode">How plugin is disconnected</param>
            <returns>Plugin disconnection result</returns>
        </member>
        <member name="T:SAL.Flatbed.XmlSettings">
            <summary>Plugin settings provider</summary>
        </member>
        <member name="M:SAL.Flatbed.XmlSettings.BinarySaver.Deserialize(System.Byte[])">
            <summary>Deserialize an array of bytes</summary>
            <param name="settings">serialized object</param>
            <returns></returns>
        </member>
        <member name="M:SAL.Flatbed.XmlSettings.BinarySaver.Serialize(System.Object)">
            <summary>Serialize object to byte array</summary>
            <param name="settings">Object to serialize</param>
            <returns>Serialization result</returns>
        </member>
        <member name="P:SAL.Flatbed.XmlSettings.SettingsFolder">
            <summary>Folder where files are stored</summary>
            <remarks>Tied to multiple solutions. Do not change.</remarks>
        </member>
        <member name="P:SAL.Flatbed.XmlSettings.ParentProvider">
            <summary>Parent provider to store settings</summary>
        </member>
        <member name="P:SAL.Flatbed.XmlSettings.Item(System.Int32)">
            <summary>Get plugin description row by plugin identifier</summary>
            <param name="ID">Plugin identifier</param>
            <returns>Plugin description row or null</returns>
        </member>
        <member name="P:SAL.Flatbed.XmlSettings.Item(SAL.Flatbed.IPluginDescription)">
            <summary>Get a row that defines the assembly of the plugin</summary>
            <param name="plugin">Plugin description interface which we need to find</param>
            <returns>Row with data that belongs to plugin</returns>
        </member>
        <member name="P:SAL.Flatbed.XmlSettings.Assemblies">
            <summary>Get a list of all assemblies that have saved their settings</summary>
        </member>
        <member name="P:SAL.Flatbed.XmlSettings.ConfigFileName">
            <summary>path to XML settings file</summary>
        </member>
        <member name="M:SAL.Flatbed.XmlSettings.#ctor(SAL.Flatbed.XmlSettingsPlugin)">
            <summary>Creating an instance of a settings provider in an XML File</summary>
            <param name="plugin">XML settings plugin instance</param>
        </member>
        <member name="M:SAL.Flatbed.XmlSettings.GetPluginBlobFolder(SAL.Flatbed.IPluginDescription)">
            <summary>Get folder to save large plugin objects</summary>
            <param name="plugin">Plugin interface, the parameter by which to get</param>
            <returns>Folder for storing large plugin objects</returns>
        </member>
        <member name="M:SAL.Flatbed.XmlSettings.OnSaveAsyncException(System.Exception)">
            <summary>Exception on asynchronous exception</summary>
            <param name="exc">Exception</param>
        </member>
        <member name="M:SAL.Flatbed.XmlSettings.LoadAssemblyParameter(SAL.Flatbed.IPluginDescription,System.String)">
            <summary>Get parameter value from settings</summary>
            <param name="plugin">Plugin interface whose parameter value is to be obtained</param>
            <param name="key">The key by which to get the value</param>
            <returns>Value stored in storage or null</returns>
            <exception cref="T:System.ArgumentNullException">plugin is null</exception>
            <exception cref="T:System.ArgumentNullException">key is null or empty</exception>
        </member>
        <member name="M:SAL.Flatbed.XmlSettings.LoadAssemblyParameterI(AlphaOmega.Flatbed.Dialog.Bll.AssemblyDataSet.AssemblyRow,System.String)">
            <summary>Get parameter from plugin settings</summary>
            <param name="asm">A row characterizing the plugin</param>
            <param name="key">The key of the value by which to get the value</param>
            <returns>Value stored in storage or null</returns>
        </member>
        <member name="M:SAL.Flatbed.XmlSettings.GetAssemblyParametersI(SAL.Flatbed.IPluginDescription)">
            <summary>Getting a list of plugin parameters without additional checks and downloads</summary>
            <param name="plugin">Plugin for which you need to load all parameters</param>
            <returns>List of plugin settings values</returns>
        </member>
        <member name="M:SAL.Flatbed.XmlSettings.LoadAssemblyBlob(SAL.Flatbed.IPluginDescription,System.String)">
            <summary>Get a large value from storage</summary>
            <param name="plugin">Plugin interface where value is belongs</param>
            <param name="key">Key for the value to load from storage</param>
            <returns>Large object value found by key or null</returns>
            <exception cref="T:System.ArgumentNullException">plugin is null</exception>
            <exception cref="T:System.ArgumentNullException">key is null or empty</exception>
        </member>
        <member name="M:SAL.Flatbed.XmlSettings.LoadAssemblyParameters``1(SAL.Flatbed.IPluginDescription,``0)">
            <summary>Fill settings object with parameters for specified plugin</summary>
            <param name="plugin">Plugin that hosts settings object</param>
            <param name="settings">Settings object that is used as container for the settings</param>
            <typeparam name="T">Settings type</typeparam>
            <exception cref="T:System.ArgumentNullException">plugin is null</exception>
            <exception cref="T:System.ArgumentNullException">settings is null</exception>
        </member>
        <member name="M:SAL.Flatbed.XmlSettings.LoadAssemblyParameters(SAL.Flatbed.IPluginDescription)">
            <summary>Get list of all settings values from the storage</summary>
            <param name="plugin">Plugin interface whose keys and parameter values need to be obtained</param>
            <returns>All array of parameter values that belongs to current plugin</returns>
            <exception cref="T:System.ArgumentNullException">plugin is null</exception>
        </member>
        <member name="M:SAL.Flatbed.XmlSettings.GetAssemblyParameter(System.Int32,System.String)">
            <summary>Get parameter from settings for plugin by build id</summary>
            <param name="assemblyId">Assembly identifier from table <see cref="T:System.Reflection.Assembly"/></param>
            <param name="key">Value key which is used to get value</param>
            <returns>Key value pair by key and assembly Id</returns>
        </member>
        <member name="M:SAL.Flatbed.XmlSettings.GetAssemblyParameters(System.Int32)">
            <summary>Get a list of all parameters by plugin identifier</summary>
            <param name="assemblyID">Assembly identifier of the parameters for which you need to get</param>
            <returns>Rows with assembly parameters</returns>
        </member>
        <member name="M:SAL.Flatbed.XmlSettings.SaveAssemblyParameters(SAL.Flatbed.IPluginDescription)">
            <summary>Store assembly parameters in storage</summary>
            <param name="plugin">Plugin which values we need to store in the storage</param>
            <exception cref="T:System.ArgumentNullException"><c>plugin</c> is <c>null</c></exception>
            <exception cref="T:System.ArgumentException"><c>plugin</c> does not inherits <c>ICustomizable</c></exception>
            <exception cref="T:System.ArgumentNullException"><c>((ICustomizable)plugin).Settings</c> is null</exception>
        </member>
        <member name="M:SAL.Flatbed.XmlSettings.SaveAssemblyParameter(SAL.Flatbed.IPluginDescription,System.String,System.Object)">
            <summary>Store assembly parameter in storage by plugin interface and parameter key</summary>
            <remarks>While saving <see cref="T:System.Enum"/> values they converted to simle type</remarks>
            <param name="plugin">Plugin description that parameter belongs</param>
            <param name="key">Parameter key</param>
            <param name="value">Value</param>
            <exception cref="T:System.ArgumentNullException"><c>plugin</c> is null</exception>
            <exception cref="T:System.ArgumentNullException"><c>key</c> is null or empty string</exception>
        </member>
        <member name="M:SAL.Flatbed.XmlSettings.SaveAssemblyParameter(AlphaOmega.Flatbed.Dialog.Bll.AssemblyDataSet.AssemblyRow,System.String,System.Object,System.Boolean)">
            <summary>Save assembly parameter in storage by assembly row and parameter key</summary>
            <param name="asm">Row in the XML table that previously store current parameter value</param>
            <param name="key">Parameter key</param>
            <param name="value">Parameter value</param>
            <param name="save">Store storage on the disk after parameter modified or added</param>
        </member>
        <member name="M:SAL.Flatbed.XmlSettings.SaveAssemblyBlob(SAL.Flatbed.IPluginDescription,System.String,System.IO.Stream)">
            <summary>Store large parameter value in the storage by plugin interface</summary>
            <param name="plugin">Plugin interface to which property value is belongs</param>
            <param name="key">Property identity key</param>
            <param name="value">Value of the large object</param>
            <exception cref="T:System.ArgumentNullException">plugin is null</exception>
            <exception cref="T:System.ArgumentNullException">key is null or empty</exception>
            <exception cref="T:System.ArgumentNullException">value is null or empty</exception>
        </member>
        <member name="M:SAL.Flatbed.XmlSettings.RemoveAssemblyParameter(SAL.Flatbed.IPluginDescription)">
            <summary>Remove all assembly parameters from storage</summary>
            <param name="plugin">Plugin interface for which parameters need to be removed</param>
            <exception cref="T:System.ArgumentNullException">plugin is null</exception>
        </member>
        <member name="M:SAL.Flatbed.XmlSettings.RemoveAssemblyParameter(SAL.Flatbed.IPluginDescription,System.String)">
            <summary>Remove assembly parameter from plugin settings storage</summary>
            <param name="plugin">Plugin interface to which parameter belongs and need to be removed</param>
            <param name="key">Parameter key to delete</param>
            <returns>Parameter removed successfully</returns>
            <exception cref="T:System.ArgumentNullException">plugin is null</exception>
            <exception cref="T:System.ArgumentNullException">key is null or empty</exception>
        </member>
        <member name="M:SAL.Flatbed.XmlSettings.RemoveAssemblyBlob(SAL.Flatbed.IPluginDescription,System.String)">
            <summary>Delete a large object from storage using the plugin interface</summary>
            <param name="plugin">Plugin interface, the parameter to delete</param>
            <param name="key">LOB key to delete</param>
            <returns>Deleting a large object was successful</returns>
            <exception cref="T:System.ArgumentNullException">plugin is null</exception>
            <exception cref="T:System.ArgumentNullException">key is null or empty</exception>
        </member>
        <member name="M:SAL.Flatbed.XmlSettings.CanSaveProperty(System.Reflection.PropertyInfo)">
            <summary>Checking if a property can be stored in the settings provider</summary>
            <param name="property">Property information</param>
            <returns>Property can be saved in storage</returns>
        </member>
    </members>
</doc>
