<?xml version="1.0"?>
<doc>
    <assembly>
        <name>Flatbed.Dialog</name>
    </assembly>
    <members>
        <member name="T:AlphaOmega.Flatbed.Dialog.Bll.AssemblyDataSet">
             <summary>
            Represents a strongly typed in-memory cache of data.
            </summary>
        </member>
        <member name="T:AlphaOmega.Flatbed.Dialog.Bll.AssemblyDataSet.AssemblyDataTable">
             <summary>
            Represents the strongly named DataTable class.
            </summary>
        </member>
        <member name="T:AlphaOmega.Flatbed.Dialog.Bll.AssemblyDataSet.AssemblyValuesDataTable">
             <summary>
            Represents the strongly named DataTable class.
            </summary>
        </member>
        <member name="T:AlphaOmega.Flatbed.Dialog.Bll.AssemblyDataSet.AssemblyRow">
             <summary>
            Represents strongly named DataRow class.
            </summary>
        </member>
        <member name="T:AlphaOmega.Flatbed.Dialog.Bll.AssemblyDataSet.AssemblyValuesRow">
             <summary>
            Represents strongly named DataRow class.
            </summary>
        </member>
        <member name="T:AlphaOmega.Flatbed.Dialog.Bll.AssemblyDataSet.AssemblyRowChangeEvent">
             <summary>
            Row event argument class
            </summary>
        </member>
        <member name="T:AlphaOmega.Flatbed.Dialog.Bll.AssemblyDataSet.AssemblyValuesRowChangeEvent">
             <summary>
            Row event argument class
            </summary>
        </member>
        <member name="T:AlphaOmega.Flatbed.Dialog.Bll.Constant">
            <summary>Application constants</summary>
        </member>
        <member name="T:AlphaOmega.Flatbed.Dialog.Bll.Constant.File">
            <summary>File names constants</summary>
        </member>
        <member name="F:AlphaOmega.Flatbed.Dialog.Bll.Constant.File.WindowsFormsFileName">
            <summary>File to store opened windows and location on applciation exit</summary>
        </member>
        <member name="T:AlphaOmega.Flatbed.Dialog.Bll.FlatbedArgs">
            <summary>Arguments required to invoke method in primary module.</summary>
        </member>
        <member name="P:AlphaOmega.Flatbed.Dialog.Bll.FlatbedArgs.PluginPath">
            <summary>Path to plugins path passed with arguments.</summary>
        </member>
        <member name="P:AlphaOmega.Flatbed.Dialog.Bll.FlatbedArgs.DefaultPlugin">
            <summary>Default kernel plugin that used if another kernel plugin is not specified.</summary>
        </member>
        <member name="M:AlphaOmega.Flatbed.Dialog.Bll.FlatbedArgs.GetArgKeyValue(System.String)">
            <summary>Get key value in arguments passed to application.</summary>
            <param name="key">Key to get value.</param>
            <returns>Key value or empty.</returns>
        </member>
        <member name="T:AlphaOmega.Flatbed.Dialog.Bll.WindowSateBll">
            <summary>Save and restore windows state and position</summary>
        </member>
        <member name="M:AlphaOmega.Flatbed.Dialog.Bll.WindowSateBll.#ctor(AlphaOmega.Flatbed.Dialog.ProgramWnd)">
            <summary>Create instance specifying host application and restore all opened windows</summary>
            <param name="host">Host</param>
            <exception cref="T:System.ArgumentNullException">host is null</exception>
        </member>
        <member name="M:AlphaOmega.Flatbed.Dialog.Bll.WindowSateBll.OnSaveAsyncException(System.Exception)">
            <summary>Error while saving XML configuration file asynchronously</summary>
            <param name="exc">Caught exception</param>
        </member>
        <member name="M:AlphaOmega.Flatbed.Dialog.Bll.WindowSateBll.RestoreOpenedWindows">
            <summary>Restore previously opened windows</summary>
        </member>
        <member name="M:AlphaOmega.Flatbed.Dialog.Bll.WindowSateBll.SaveOpenedWindows">
            <summary>Save opened windows</summary>
        </member>
        <member name="M:AlphaOmega.Flatbed.Dialog.Bll.WindowSateBll.LoadDefaultState(AlphaOmega.Flatbed.Dialog.Windows.WindowControl@)">
            <summary>Load windows size and state saved in previous session</summary>
            <param name="window">Window control</param>
        </member>
        <member name="M:AlphaOmega.Flatbed.Dialog.Bll.WindowSateBll.SaveDefaultState(AlphaOmega.Flatbed.Dialog.Windows.WindowControl)">
            <summary>Save windows size and state before closing the window</summary>
            <param name="window">Window control</param>
        </member>
        <member name="M:AlphaOmega.Flatbed.Dialog.Bll.WindowSateBll.GetDefaultState(System.Type)">
            <summary>Get the previously saved window position</summary>
            <param name="windowType">Window type</param>
            <returns>Previously saved window position or null</returns>
        </member>
        <member name="T:AlphaOmega.Flatbed.Dialog.Bll.WindowStateDataSet">
             <summary>
            Represents a strongly typed in-memory cache of data.
            </summary>
        </member>
        <member name="T:AlphaOmega.Flatbed.Dialog.Bll.WindowStateDataSet.DefaultStateRow">
             <summary>
            Represents strongly named DataRow class.
            </summary>
        </member>
        <member name="P:AlphaOmega.Flatbed.Dialog.Bll.WindowStateDataSet.DefaultStateRow.LocationI">
            <summary>Parsed window location</summary>
        </member>
        <member name="P:AlphaOmega.Flatbed.Dialog.Bll.WindowStateDataSet.DefaultStateRow.SizeI">
            <summary>Parsed window size</summary>
        </member>
        <member name="P:AlphaOmega.Flatbed.Dialog.Bll.WindowStateDataSet.DefaultStateRow.WindowStateI">
            <summary>Parsed window state</summary>
        </member>
        <member name="M:AlphaOmega.Flatbed.Dialog.Bll.WindowStateDataSet.DefaultStateRow.ObjectToBytes``1(``0)">
            <summary>Convert structure to byte array</summary>
            <typeparam name="T">Type of structure</typeparam>
            <param name="item">The item to convert to Byte[]</param>
            <returns>Array of bytes</returns>
        </member>
        <member name="M:AlphaOmega.Flatbed.Dialog.Bll.WindowStateDataSet.DefaultStateRow.BytesToObject``1(System.Byte[])">
            <summary>Convert byte array to structure</summary>
            <typeparam name="T">Type of structure</typeparam>
            <param name="data">The array of byte which converts to structure</param>
            <returns></returns>
        </member>
        <member name="T:AlphaOmega.Flatbed.Dialog.Bll.WindowStateDataSet.OpenedWindowsRow">
             <summary>
            Represents strongly named DataRow class.
            </summary>
        </member>
        <member name="P:AlphaOmega.Flatbed.Dialog.Bll.WindowStateDataSet.OpenedWindowsRow.SettingsI">
            <summary>Настройки открытого окна</summary>
        </member>
        <member name="T:AlphaOmega.Flatbed.Dialog.Bll.WindowStateDataSet.OpenedWindowsDataTable">
             <summary>
            Represents the strongly named DataTable class.
            </summary>
        </member>
        <member name="T:AlphaOmega.Flatbed.Dialog.Bll.WindowStateDataSet.DefaultStateDataTable">
             <summary>
            Represents the strongly named DataTable class.
            </summary>
        </member>
        <member name="T:AlphaOmega.Flatbed.Dialog.Bll.WindowStateDataSet.OpenedWindowsRowChangeEvent">
             <summary>
            Row event argument class
            </summary>
        </member>
        <member name="T:AlphaOmega.Flatbed.Dialog.Bll.WindowStateDataSet.DefaultStateRowChangeEvent">
             <summary>
            Row event argument class
            </summary>
        </member>
        <member name="T:AlphaOmega.Flatbed.Dialog.Controls.DarkThemeManager.NativeMethods.DWMWINDOWATTRIBUTE">
            <summary>Options used by the DwmGetWindowAttribute and DwmSetWindowAttribute functions.</summary>
        </member>
        <member name="F:AlphaOmega.Flatbed.Dialog.Controls.DarkThemeManager.NativeMethods.DWMWINDOWATTRIBUTE.USE_IMMERSIVE_DARK_MODE">
            <summary>Allows the window frame for this window to be drawn in dark mode colors when the dark mode system setting is enabled.</summary>
            <remarks>
            For compatibility reasons, all windows default to light mode regardless of the system setting.
            The pvAttribute parameter points to a value of type BOOL.
            TRUE to honor dark mode for the window, FALSE to always use light mode.
            This value is supported starting with Windows 11 Build 22000.
            </remarks>
        </member>
        <member name="M:AlphaOmega.Flatbed.Dialog.Controls.DarkThemeManager.NativeMethods.DwmSetWindowAttribute(System.IntPtr,AlphaOmega.Flatbed.Dialog.Controls.DarkThemeManager.NativeMethods.DWMWINDOWATTRIBUTE,System.Int32@,System.Int32)">
            <summary>Sets the value of Desktop Window Manager (DWM) non-client rendering attributes for a window.</summary>
            <param name="hwnd">The handle to the window for which the attribute value is to be set.</param>
            <param name="dwAttribute">
            A flag describing which value to set, specified as a value of the <see cref="T:AlphaOmega.Flatbed.Dialog.Controls.DarkThemeManager.NativeMethods.DWMWINDOWATTRIBUTE"/> enumeration.
            This parameter specifies which attribute to set, and the pvAttribute parameter points to an object containing the attribute value.
            </param>
            <param name="pvAttribute">
            A pointer to an object containing the attribute value to set.
            The type of the value set depends on the value of the dwAttribute parameter.
            The DWMWINDOWATTRIBUTE enumeration topic indicates, in the row for each flag, what type of value you should pass a pointer to in the pvAttribute parameter.
            </param>
            <param name="cbAttribute">
            The size, in bytes, of the attribute value being set via the pvAttribute parameter.
            The type of the value set, and therefore its size in bytes, depends on the value of the dwAttribute parameter.
            </param>
            <returns></returns>
        </member>
        <member name="P:AlphaOmega.Flatbed.Dialog.Dialogs.AboutDialog.SelectedPlugin">
            <summary>The selected plugin in the list or the kernel plugin</summary>
        </member>
        <member name="P:AlphaOmega.Flatbed.Dialog.Dialogs.AboutDialog.IsKernelExists">
            <summary>Kernel plugin loaded</summary>
        </member>
        <member name="F:AlphaOmega.Flatbed.Dialog.Dialogs.AboutDialog.components">
            <summary>
            Required designer variable.
            </summary>
        </member>
        <member name="M:AlphaOmega.Flatbed.Dialog.Dialogs.AboutDialog.Dispose(System.Boolean)">
            <summary>
            Clean up any resources being used.
            </summary>
        </member>
        <member name="M:AlphaOmega.Flatbed.Dialog.Dialogs.AboutDialog.InitializeComponent">
            <summary>
            Required method for Designer support - do not modify
            the contents of this method with the code editor.
            </summary>
        </member>
        <member name="T:AlphaOmega.Flatbed.Dialog.Dialogs.PanelEventList">
            <summary>The panel contains all exceptions that we got from Trace event source (See .config file)</summary>
        </member>
        <member name="M:AlphaOmega.Flatbed.Dialog.Dialogs.PanelEventList.#ctor(AlphaOmega.Flatbed.Dialog.ProgramWnd)">
            <summary>Create instance of events list panel and pass handle to the host application</summary>
            <param name="host">Host application instance</param>
            <exception cref="T:System.ArgumentNullException">Host instance is required to create the panel instance</exception>
        </member>
        <member name="M:AlphaOmega.Flatbed.Dialog.Dialogs.PanelEventList.OnCreateControl">
            <inheritdoc/>
        </member>
        <member name="M:AlphaOmega.Flatbed.Dialog.Dialogs.PanelEventList.AddException(System.Exception)">
            <summary>Add exception for logging</summary>
            <param name="exc">Exception for logging</param>
        </member>
        <member name="F:AlphaOmega.Flatbed.Dialog.Dialogs.PanelEventList.components">
            <summary>
            Required designer variable.
            </summary>
        </member>
        <member name="M:AlphaOmega.Flatbed.Dialog.Dialogs.PanelEventList.Dispose(System.Boolean)">
            <summary>
            Clean up any resources being used.
            </summary>
            <param name="disposing">true if managed resources should be disposed; otherwise, false.</param>
        </member>
        <member name="M:AlphaOmega.Flatbed.Dialog.Dialogs.PanelEventList.InitializeComponent">
            <summary>
            Required method for Designer support - do not modify
            the contents of this method with the code editor.
            </summary>
        </member>
        <member name="T:AlphaOmega.Flatbed.Dialog.Dialogs.PanelOutput">
            <summary>This panel contains all events that we got from Trace event source (See .config file)</summary>
        </member>
        <member name="P:AlphaOmega.Flatbed.Dialog.Dialogs.PanelOutput.ActiveLog">
            <summary>Active element of the event entry selected by the user</summary>
        </member>
        <member name="P:AlphaOmega.Flatbed.Dialog.Dialogs.PanelOutput.ActiveOutputType">
            <summary>Current opened log</summary>
        </member>
        <member name="M:AlphaOmega.Flatbed.Dialog.Dialogs.PanelOutput.#ctor">
            <summary>Create instance of a class with an event record about the successful initialization of application</summary>
        </member>
        <member name="M:AlphaOmega.Flatbed.Dialog.Dialogs.PanelOutput.OnCreateControl">
            <inheritdoc/>
        </member>
        <member name="M:AlphaOmega.Flatbed.Dialog.Dialogs.PanelOutput.AddMessage(System.String,System.String)">
            <summary>Add message to log</summary>
            <param name="title">Message title</param>
            <param name="message">Message itself</param>
        </member>
        <member name="M:AlphaOmega.Flatbed.Dialog.Dialogs.PanelOutput.FormatEventMessage(System.String)">
            <summary>Format event message to show it in log window</summary>
            <param name="message">Message to show in log window</param>
            <returns>Formatted message for logging</returns>
        </member>
        <member name="F:AlphaOmega.Flatbed.Dialog.Dialogs.PanelOutput.components">
            <summary>
            Required designer variable.
            </summary>
        </member>
        <member name="M:AlphaOmega.Flatbed.Dialog.Dialogs.PanelOutput.Dispose(System.Boolean)">
            <summary>
            Clean up any resources being used.
            </summary>
            <param name="disposing">true if managed resources should be disposed; otherwise, false.</param>
        </member>
        <member name="M:AlphaOmega.Flatbed.Dialog.Dialogs.PanelOutput.InitializeComponent">
            <summary>
            Required method for Designer support - do not modify
            the contents of this method with the code editor.
            </summary>
        </member>
        <member name="F:AlphaOmega.Flatbed.Dialog.Dialogs.SelectPluginDlg._defaultPlugin">
            <summary>Default user plugin</summary>
        </member>
        <member name="P:AlphaOmega.Flatbed.Dialog.Dialogs.SelectPluginDlg.SelectedPlugin">
            <summary>Selected plugin by user</summary>
        </member>
        <member name="M:AlphaOmega.Flatbed.Dialog.Dialogs.SelectPluginDlg.SelectPlugin``1(SAL.Flatbed.IPluginStorage)">
            <summary>Search for a specific plugin type</summary>
            <typeparam name="T">Plugin interface to find</typeparam>
            <param name="storage">Plugin storage</param>
            <returns>Found plugin interface or null if plugin not found</returns>
        </member>
        <member name="M:AlphaOmega.Flatbed.Dialog.Dialogs.SelectPluginDlg.SelectPlugin``1(SAL.Flatbed.IPluginStorage,System.String@)">
            <summary>Search for a specific plugin type</summary>
            <typeparam name="T">Plugin interface to find</typeparam>
            <param name="storage">Plugin array to find required plugin</param>
            <param name="defaultPlugin">Default plugin name that will be returned if nothing found</param>
            <returns>Found plugin interface or defaultPlugin or null</returns>
        </member>
        <member name="M:AlphaOmega.Flatbed.Dialog.Dialogs.SelectPluginDlg.SelectPlugin(System.Collections.Generic.IEnumerable{SAL.Flatbed.IPluginDescription},System.String@)">
            <summary>Get selected plugin interface of a specific type</summary>
            <remarks>If found plugins more than one and <c>defaultPlugin</c> undefined then dialog window will be shown to select</remarks>
            <param name="plugins">Array of plugins where plugin will be searched</param>
            <param name="defaultPlugin">Default plugin that is selected if it's found in the array</param>
            <returns>Found plugin interface or null if none plugin found</returns>
        </member>
        <member name="F:AlphaOmega.Flatbed.Dialog.Dialogs.SelectPluginDlg.components">
            <summary>
            Required designer variable.
            </summary>
        </member>
        <member name="M:AlphaOmega.Flatbed.Dialog.Dialogs.SelectPluginDlg.Dispose(System.Boolean)">
            <summary>
            Clean up any resources being used.
            </summary>
            <param name="disposing">true if managed resources should be disposed; otherwise, false.</param>
        </member>
        <member name="M:AlphaOmega.Flatbed.Dialog.Dialogs.SelectPluginDlg.InitializeComponent">
            <summary>
            Required method for Designer support - do not modify
            the contents of this method with the code editor.
            </summary>
        </member>
        <member name="M:AlphaOmega.Flatbed.Dialog.Logging.HostTraceListener.IsFatal(System.Exception)">
            <summary>Check for exception type and it it's fatal then ignores all logging sequences</summary>
            <param name="exception">Exception for check</param>
            <returns>Exception is fatal and it makes no sense to proceed it further</returns>
        </member>
        <member name="T:AlphaOmega.Flatbed.Dialog.Menu.Menu">
            <summary>SAL facade instance for System.Windows.Forms.ContextMenuStrip</summary>
        </member>
        <member name="P:AlphaOmega.Flatbed.Dialog.Menu.Menu.Items">
            <summary>Create instance of menu wrapper interface related to current host logic</summary>
        </member>
        <member name="M:AlphaOmega.Flatbed.Dialog.Menu.Menu.#ctor(System.Windows.Forms.ContextMenuStrip)">
            <summary>Create instance of Menu class and specify base class to wrap around</summary>
            <param name="owner">Source menu instance</param>
            <exception cref="T:System.ArgumentNullException"></exception>
        </member>
        <member name="M:AlphaOmega.Flatbed.Dialog.Menu.Menu.SAL#Windows#IMenu#Create(System.String,System.Object,System.EventHandler)">
            <summary>Initializes a new instance of the System.Windows.Forms.ToolStripMenuItem class that displays the specified text and image and that does the specified action when the System.Windows.Forms.ToolStripMenuItem is clicked</summary>
            <param name="text">The text to display on the menu item</param>
            <param name="image">The <see cref="T:System.Drawing.Image" /> to display on the control</param>
            <param name="onClick">An event handler that raises the System.Windows.Forms.Control.Click event when the control is clicked</param>
        </member>
        <member name="M:AlphaOmega.Flatbed.Dialog.Menu.Menu.SAL#Windows#IMenu#Create(System.String,System.Object)">
            <summary>Initializes a new instance of the System.Windows.Forms.ToolStripMenuItem class that displays the specified text and image</summary>
            <param name="text">The text to display on the menu item</param>
            <param name="image">The <see cref="T:System.Drawing.Image"/> to display on the control</param>
        </member>
        <member name="M:AlphaOmega.Flatbed.Dialog.Menu.Menu.SAL#Windows#IMenu#Create(System.String)">
            <summary>Initializes a new instance of the System.Windows.Forms.ToolStripMenuItem class that displays the specified text</summary>
            <param name="text">The text to display on the menu item</param>
        </member>
        <member name="T:AlphaOmega.Flatbed.Dialog.Menu.MenuItem">
            <summary>Host menu item facade object for System.Windows.Forms.ToolStripMenuItem</summary>
        </member>
        <member name="E:AlphaOmega.Flatbed.Dialog.Menu.MenuItem.SAL#Windows#IMenuItem#Click">
            <inheritdoc/>
        </member>
        <member name="P:AlphaOmega.Flatbed.Dialog.Menu.MenuItem.ParentItem">
            <inheritdoc/>
        </member>
        <member name="P:AlphaOmega.Flatbed.Dialog.Menu.MenuItem.Items">
            <inheritdoc/>
        </member>
        <member name="M:AlphaOmega.Flatbed.Dialog.Menu.MenuItem.#ctor(System.Drawing.Image)">
            <summary>Initializes a new instance of the System.Windows.Forms.ToolStripMenuItem class that displays the specified System.Drawing.Image</summary>
            <param name="image">The System.Drawing.Image to display on the control</param>
        </member>
        <member name="M:AlphaOmega.Flatbed.Dialog.Menu.MenuItem.#ctor(System.String)">
            <summary>Initializes a new instance of the System.Windows.Forms.ToolStripMenuItem class that displays the specified text</summary>
            <param name="text">The text to display on the menu item</param>
        </member>
        <member name="M:AlphaOmega.Flatbed.Dialog.Menu.MenuItem.#ctor(System.String,System.Drawing.Image)">
            <summary>Initializes a new instance of the System.Windows.Forms.ToolStripMenuItem class that displays the specified text and image</summary>
            <param name="text">The text to display on the menu item</param>
            <param name="image">The System.Drawing.Image to display on the control</param>
        </member>
        <member name="M:AlphaOmega.Flatbed.Dialog.Menu.MenuItem.#ctor(System.String,System.Drawing.Image,System.EventHandler)">
            <summary>Initializes a new instance of the System.Windows.Forms.ToolStripMenuItem class that displays the specified text and image and that does the specified action when the System.Windows.Forms.ToolStripMenuItem is clicked</summary>
            <param name="text">The text to display on the menu item</param>
            <param name="image">The System.Drawing.Image to display on the control</param>
            <param name="onClick">An event handler that raises the System.Windows.Forms.Control.Click event when the control is clicked</param>
        </member>
        <member name="M:AlphaOmega.Flatbed.Dialog.Menu.MenuItem.#ctor(System.String,System.Drawing.Image,System.Windows.Forms.ToolStripMenuItem[])">
            <summary>Initializes a new instance of the System.Windows.Forms.ToolStripMenuItem class that displays the specified text and image and that contains the specified System.Windows.Forms.ToolStripItem collection</summary>
            <param name="text">The text to display on the menu item</param>
            <param name="image">The System.Drawing.Image to display on the control</param>
            <param name="dropDownItems">The menu items to display when the control is clicked</param>
        </member>
        <member name="M:AlphaOmega.Flatbed.Dialog.Menu.MenuItem.#ctor(System.String,System.Drawing.Image,System.EventHandler,System.Windows.Forms.Keys)">
            <summary>Initializes a new instance of the System.Windows.Forms.ToolStripMenuItem class that displays the specified text and image, does the specified action when the System.Windows.Forms.ToolStripMenuItem is clicked, and displays the specified shortcut keys</summary>
            <param name="text">The text to display on the menu item</param>
            <param name="image">The System.Drawing.Image to display on the control</param>
            <param name="onClick">An event handler that raises the System.Windows.Forms.Control.Click event when the control is clicked</param>
            <param name="shortcutKeys">One of the values of System.Windows.Forms.Keys that represents the shortcut key for the System.Windows.Forms.ToolStripMenuItem</param>
        </member>
        <member name="M:AlphaOmega.Flatbed.Dialog.Menu.MenuItem.#ctor(System.String,System.Drawing.Image,System.EventHandler,System.String)">
            <summary>Initializes a new instance of the System.Windows.Forms.ToolStripMenuItem class with the specified name that displays the specified text and image that does the specified action when the System.Windows.Forms.ToolStripMenuItem is clicked</summary>
            <param name="text">The text to display on the menu item</param>
            <param name="image">The System.Drawing.Image to display on the control</param>
            <param name="onClick">An event handler that raises the System.Windows.Forms.Control.Click event when the control is clicked</param>
            <param name="name">The name of the menu item</param>
        </member>
        <member name="M:AlphaOmega.Flatbed.Dialog.Menu.MenuItem.SAL#Windows#IMenu#Create(System.String)">
            <summary>Initializes a new instance of the System.Windows.Forms.ToolStripMenuItem class that displays the specified text</summary>
            <param name="text">The text to display on the menu item</param>
        </member>
        <member name="M:AlphaOmega.Flatbed.Dialog.Menu.MenuItem.SAL#Windows#IMenu#Create(System.String,System.Object)">
            <summary>Initializes a new instance of the System.Windows.Forms.ToolStripMenuItem class that displays the specified text and image</summary>
            <param name="text">The text to display on the menu item</param>
            <param name="image">The <see cref="T:System.Drawing.Image"/> to display on the control</param>
        </member>
        <member name="M:AlphaOmega.Flatbed.Dialog.Menu.MenuItem.SAL#Windows#IMenu#Create(System.String,System.Object,System.EventHandler)">
            <summary>Initializes a new instance of the System.Windows.Forms.ToolStripMenuItem class that displays the specified text and image and that does the specified action when the System.Windows.Forms.ToolStripMenuItem is clicked</summary>
            <param name="text">The text to display on the menu item</param>
            <param name="image">The <see cref="T:System.Drawing.Image"/> to display on the control</param>
            <param name="onClick">An event handler that raises the System.Windows.Forms.Control.Click event when the control is clicked</param>
        </member>
        <member name="T:AlphaOmega.Flatbed.Dialog.Menu.MenuItemCollection">
            <inheritdoc/>
        </member>
        <member name="P:AlphaOmega.Flatbed.Dialog.Menu.MenuItemCollection.SAL#Windows#IMenuItemCollection#Item(System.Int32)">
            <inheritdoc/>
        </member>
        <member name="M:AlphaOmega.Flatbed.Dialog.Menu.MenuItemCollection.GetEnumerator">
            <summary>Gets the list of all items in the collection</summary>
            <returns>List of all items</returns>
        </member>
        <member name="T:AlphaOmega.Flatbed.Dialog.Plugins.HostDialog">
            <summary>The main UI for dialog based interface</summary>
        </member>
        <member name="P:AlphaOmega.Flatbed.Dialog.Plugins.HostDialog.Object">
            <inheritdoc/>
        </member>
        <member name="P:AlphaOmega.Flatbed.Dialog.Plugins.HostDialog.Kernel">
            <summary>Current kernel plugin interface</summary>
        </member>
        <member name="P:AlphaOmega.Flatbed.Dialog.Plugins.HostDialog.KernelPlugin">
            <summary>Raw current kernel plugin information</summary>
        </member>
        <member name="P:AlphaOmega.Flatbed.Dialog.Plugins.HostDialog.Cache">
            <summary>Storage cache</summary>
            <remarks>TODO: After transferring it to .NET 4 or upper remate it to MemoryCache</remarks>
        </member>
        <member name="P:AlphaOmega.Flatbed.Dialog.Plugins.HostDialog.MainMenu">
            <summary>The main menu for dialog based interface. Available from taskbar</summary>
        </member>
        <member name="P:AlphaOmega.Flatbed.Dialog.Plugins.HostDialog.ToolBar">
            <summary>Tool bar object is not available for dialog based interface</summary>
        </member>
        <member name="P:AlphaOmega.Flatbed.Dialog.Plugins.HostDialog.Windows">
            <inheritdoc/>
        </member>
        <member name="M:AlphaOmega.Flatbed.Dialog.Plugins.HostDialog.LoadPlugins(System.String@)">
            <summary>Search and load plugins from specific user path</summary>
            <param name="defaultKernelPlugin">Default kernel plugin that was selected previously</param>
            <remarks>If folder not specified then current process base directory will be used instead to search for plugins</remarks>
        </member>
        <member name="M:AlphaOmega.Flatbed.Dialog.Plugins.HostDialog.GetSessionValue(System.String)">
            <summary>Get session value</summary>
            <param name="name">Object key at address find object</param>
            <returns>Value stored in session or null</returns>
        </member>
        <member name="M:AlphaOmega.Flatbed.Dialog.Plugins.HostDialog.SetSessionValue(System.String,System.Object)">
            <inheritdoc/>
        </member>
        <member name="M:AlphaOmega.Flatbed.Dialog.Plugins.HostDialog.UnloadPlugins(SAL.Flatbed.DisconnectMode)">
            <summary>Closing all loaded plugins by calling a method <see cref="M:SAL.Flatbed.IPlugin.OnDisconnection(SAL.Flatbed.DisconnectMode)"/></summary>
            <param name="reason">Reason why plugins are unloaded</param>
        </member>
        <member name="M:AlphaOmega.Flatbed.Dialog.Plugins.HostDialog.RemoveMenuItemsRecursive(System.Windows.Forms.ToolStripMenuItem,System.Reflection.Assembly)">
            <summary>Recursively remove all menu items that was created by plugin</summary>
            <param name="menuItem">Element menu for check and remove</param>
            <param name="pluginAssembly">The assembly whose menu items you want to remove</param>
        </member>
        <member name="P:AlphaOmega.Flatbed.Dialog.ProgramWnd.HostApplication">
            <summary>Singleton created exclusively for <see cref="T:AlphaOmega.Flatbed.Dialog.Logging.HostTraceListener"/></summary>
        </member>
        <member name="P:AlphaOmega.Flatbed.Dialog.ProgramWnd.EventsControl">
            <summary>Control to manage error messages</summary>
        </member>
        <member name="P:AlphaOmega.Flatbed.Dialog.ProgramWnd.OutputControl">
            <summary>Control to manager logging messages</summary>
        </member>
        <member name="T:AlphaOmega.Flatbed.Dialog.Properties.Resources">
            <summary>
              A strongly-typed resource class, for looking up localized strings, etc.
            </summary>
        </member>
        <member name="P:AlphaOmega.Flatbed.Dialog.Properties.Resources.ResourceManager">
            <summary>
              Returns the cached ResourceManager instance used by this class.
            </summary>
        </member>
        <member name="P:AlphaOmega.Flatbed.Dialog.Properties.Resources.Culture">
            <summary>
              Overrides the current thread's CurrentUICulture property for all
              resource lookups using this strongly typed resource class.
            </summary>
        </member>
        <member name="P:AlphaOmega.Flatbed.Dialog.Properties.Resources.iconDelete">
            <summary>
              Looks up a localized resource of type System.Drawing.Bitmap.
            </summary>
        </member>
        <member name="P:AlphaOmega.Flatbed.Dialog.Properties.Resources.PanelEvents">
            <summary>
              Looks up a localized resource of type System.Drawing.Icon similar to (Icon).
            </summary>
        </member>
        <member name="P:AlphaOmega.Flatbed.Dialog.Properties.Resources.PanelOutput">
            <summary>
              Looks up a localized resource of type System.Drawing.Icon similar to (Icon).
            </summary>
        </member>
        <member name="T:AlphaOmega.Flatbed.Dialog.Windows.WindowControl">
            <inheritdoc />
        </member>
        <member name="E:AlphaOmega.Flatbed.Dialog.Windows.WindowControl.Closing">
            <summary>The event that is raised when the window is closing.</summary>
        </member>
        <member name="P:AlphaOmega.Flatbed.Dialog.Windows.WindowControl.Control">
            <summary>The base control that is wrapped in current implementation.</summary>
        </member>
        <member name="P:AlphaOmega.Flatbed.Dialog.Windows.WindowControl.Plugin">
            <summary>The instance of the plugin that owns the control</summary>
        </member>
        <member name="P:AlphaOmega.Flatbed.Dialog.Windows.WindowControl.SAL#Windows#IWindow#Caption">
            <inheritdoc/>
        </member>
        <member name="P:AlphaOmega.Flatbed.Dialog.Windows.WindowControl.HideOnClose">
            <summary>Hide window instead of dispose it.</summary>
        </member>
        <member name="M:AlphaOmega.Flatbed.Dialog.Windows.WindowControl.#ctor(AlphaOmega.Flatbed.Dialog.Windows.WindowsContainer,SAL.Flatbed.IPlugin,System.Windows.Forms.UserControl,SAL.Windows.DockState)">
            <summary>Initializes a new instance of the <see cref="T:AlphaOmega.Flatbed.Dialog.Windows.WindowControl"/> class.</summary>
            <param name="container">The windows container that is used as reference storage.</param>
            <param name="plugin">The plugin instance that owns base control instance.</param>
            <param name="control">The control instance.</param>
            <param name="showHint">The base window location.</param>
            <exception cref="T:System.ArgumentNullException">The required arguments are null.</exception>
        </member>
        <member name="M:AlphaOmega.Flatbed.Dialog.Windows.WindowControl.SAL#Windows#IWindow#AddEventHandler(System.String,System.EventHandler{SAL.Flatbed.DataEventArgs})">
            <summary>Attach event to plugin public event handler</summary>
            <param name="eventName">Plugin public event name</param>
            <param name="handler">Event handler in calling plugin</param>
        </member>
        <member name="M:AlphaOmega.Flatbed.Dialog.Windows.WindowControl.SAL#Windows#IWindow#RemoveEventHandler(System.String,System.EventHandler{SAL.Flatbed.DataEventArgs})">
            <summary>Detach event from plugin public event handler</summary>
            <param name="eventName">Plugin public event name</param>
            <param name="handler">Event handler in calling plugin</param>
        </member>
        <member name="M:AlphaOmega.Flatbed.Dialog.Windows.WindowControl.OnClosed(System.EventArgs)">
            <inheritdoc/>
        </member>
        <member name="M:AlphaOmega.Flatbed.Dialog.Windows.WindowControl.OnClosing(System.ComponentModel.CancelEventArgs)">
            <inheritdoc/>
        </member>
        <member name="T:AlphaOmega.Flatbed.Dialog.Windows.WindowsContainer">
            <summary>The container for opened windows.</summary>
        </member>
        <member name="P:AlphaOmega.Flatbed.Dialog.Windows.WindowsContainer.Count">
            <inheritdoc/>
        </member>
        <member name="P:AlphaOmega.Flatbed.Dialog.Windows.WindowsContainer.Item(System.Int32)">
            <inheritdoc/>
        </member>
        <member name="M:AlphaOmega.Flatbed.Dialog.Windows.WindowsContainer.SearchPluginForm(System.String,System.Object)">
            <summary>Search for specific form</summary>
            <param name="formType">Type of form to search</param>
            <param name="args">Arguments transferred to found form</param>
            <returns>Window interface of found window or null</returns>
        </member>
        <member name="M:AlphaOmega.Flatbed.Dialog.Windows.WindowsContainer.ShowPluginForm(System.String,System.String,System.Object)">
            <summary>Show plugin form to user</summary>
            <param name="pluginId">Plugin identifier where form is declared</param>
            <param name="formType">Type of a form to open in plugin</param>
            <param name="args">Arguments passed to the form upon creation</param>
            <returns>
            Plugin found
            Form opened
            Arguments are recognized in the form when passed if form inherits interface <see cref="T:SAL.Flatbed.IPluginSettings"/>
            </returns>
        </member>
        <member name="M:AlphaOmega.Flatbed.Dialog.Windows.WindowsContainer.GetEnumerator">
            <inheritdoc/>
        </member>
        <member name="T:AlphaOmega.Bll.BllBase`2">
            <summary>Base class responsible for getting data from typed DataSet'ов</summary>
            <remarks>
            15.06.2011 - Added monitoring of file changes on the hard disk
            </remarks>
            <typeparam name="T">Used typed DataSet</typeparam>
            <typeparam name="U">Used typed row from typed DataSet'е with a type <see cref="!:T"/></typeparam>
        </member>
        <member name="F:AlphaOmega.Bll.BllBase`2._watcher">
            <summary>Disk File Change Monitor</summary>
        </member>
        <member name="P:AlphaOmega.Bll.BllBase`2.ConfigFileName">
            <summary>Path to the application configuration file</summary>
        </member>
        <member name="P:AlphaOmega.Bll.BllBase`2.DataSet">
            <summary>Loaded DataSet with application settings</summary>
        </member>
        <member name="P:AlphaOmega.Bll.BllBase`2.IsRowExists">
            <summary>Check for the existsnce of at least one row</summary>
        </member>
        <member name="P:AlphaOmega.Bll.BllBase`2.Table">
            <summary>Business logic table</summary>
        </member>
        <member name="P:AlphaOmega.Bll.BllBase`2.Row">
            <summary>Forst row from table</summary>
        </member>
        <member name="P:AlphaOmega.Bll.BllBase`2.Item(System.Int32)">
            <summary>Get row from current table</summary>
            <param name="index">Row index</param>
            <returns>Row from table by index or null</returns>
        </member>
        <member name="P:AlphaOmega.Bll.BllBase`2.TableId">
            <summary>Table identifier from the DataSet</summary>
        </member>
        <member name="E:AlphaOmega.Bll.BllBase`2.SaveCompeted">
            <summary>Event on completion of data saving</summary>
        </member>
        <member name="M:AlphaOmega.Bll.BllBase`2.#ctor(System.Int32)">
            <summary>Creating an instance of the basic business logic class with loading the contents of the DataSet</summary>
            <remarks>In case of an error reading the settings file, the data is not loaded, no exception is thrown</remarks>
            <param name="tableId">Table identifier</param>
        </member>
        <member name="M:AlphaOmega.Bll.BllBase`2.#ctor(System.String,System.Int32)">
            <summary>Creating an instance of the base business logic class using the loaded DataSet</summary>
            <param name="configFileName">The name of the file from which to load the DataSet</param>
            <param name="tableId">Table identifier that marked as primary in current DataSet</param>
        </member>
        <member name="M:AlphaOmega.Bll.BllBase`2.#ctor(System.String,System.Int32,`0)">
            <summary>Creating an instance of the base business logic class using the DataSet loaded in memory</summary>
            <param name="configFileName">The name of a file from which to load a DataSet</param>
            <param name="tableId">Table identifier from dataset</param>
            <param name="dataSet">Object with data</param>
        </member>
        <member name="M:AlphaOmega.Bll.BllBase`2.Load(System.Boolean)">
            <summary>Loading parameters from a configuration file</summary>
        </member>
        <member name="M:AlphaOmega.Bll.BllBase`2.Save">
            <summary>Saving DataSet to disk</summary>
        </member>
        <member name="M:AlphaOmega.Bll.BllBase`2.SaveAsync">
            <summary>Save DataSync to disk asynchronous</summary>
        </member>
        <member name="M:AlphaOmega.Bll.BllBase`2.SaveAsync(System.Object)">
            <summary>Save data in tables asynchronous</summary>
            <param name="state">Current Business Logic Layer</param>
        </member>
        <member name="M:AlphaOmega.Bll.BllBase`2.Clear">
            <summary>Remove data from all tables in the <see cref="T:System.Data.DataSet"/></summary>
        </member>
        <member name="M:AlphaOmega.Bll.BllBase`2.ClearTable">
            <summary>Clear current table</summary>
        </member>
        <member name="M:AlphaOmega.Bll.BllBase`2.Delete">
            <summary>Physically remove file from file system</summary>
        </member>
        <member name="M:AlphaOmega.Bll.BllBase`2.OnSaveAsyncException(System.Exception)">
            <summary> When an exception occurs when saving a file asynchronously</summary>
            <param name="exc">Exception</param>
        </member>
        <member name="M:AlphaOmega.Bll.BllBase`2.GetConfigFilePath">
            <summary>Get the path to XML file</summary>
            <returns>path to XML file</returns>
        </member>
        <member name="M:AlphaOmega.Bll.BllBase`2.Dispose">
            <summary>Clear the memory occupied by this object</summary>
        </member>
        <member name="M:AlphaOmega.Bll.BllBase`2.Dispose(System.Boolean)">
            <summary>Clear the memory occupied by this object and eliminate all unmanaged code</summary>
            <param name="isManaged">Dispose managed code</param>
        </member>
        <member name="T:AlphaOmega.Windows.Forms.ContextMenuStripCopy">
            <summary>Context menu strip with Copy to clipboard menu item</summary>
        </member>
        <member name="M:AlphaOmega.Windows.Forms.ContextMenuStripCopy.#ctor">
            <summary>Create instance of <see cref="T:AlphaOmega.Windows.Forms.ContextMenuStripCopy"/> with all context menu items and event handlers</summary>
        </member>
        <member name="M:AlphaOmega.Windows.Forms.ContextMenuStripCopy.CopyListViewItems(System.Windows.Forms.ListView,System.Nullable{System.Int32})">
            <summary>Copy list element to clipboard</summary>
            <param name="lv">Source list</param>
            <param name="columnIndex">Column index or null, to copy all row items to clipboard</param>
        </member>
        <member name="T:Blue.Private.Win32Imports.Win32">
            <summary>Win32 is just a placeholder for some Win32 imported definitions</summary>
        </member>
        <member name="T:Blue.Private.Win32Imports.Win32.VK">
            <summary>VK is just a placeholder for VK (VirtualKey) general definitions</summary>
        </member>
        <member name="T:Blue.Private.Win32Imports.Win32.WM">
            <summary>WM is just a placeholder class for WM (WindowMessage) definitions</summary>
        </member>
        <member name="T:Blue.Private.Win32Imports.Win32.HT">
            <summary>HT is just a placeholder for HT (HitTest) definitions</summary>
        </member>
        <member name="T:Blue.Windows.StickyWindow">
            <summary>
            A windows that Sticks to other windows of the same type when moved or resized.
            You get a nice way of organizing multiple top-level windows.
            Quite similar with WinAmp 2.x style of sticking the windows
            </summary>
        </member>
        <member name="F:Blue.Windows.StickyWindow.GlobalStickyWindows">
            <summary>Global List of registered StickyWindows</summary>
        </member>
        <member name="P:Blue.Windows.StickyWindow.StickGap">
            <summary>Distance in pixels between two forms or a form and the screen where the sticking should start</summary>
        </member>
        <member name="P:Blue.Windows.StickyWindow.StickOnResize">
            <summary>Allow the form to stick while resizing</summary>
        </member>
        <member name="P:Blue.Windows.StickyWindow.StickOnMove">
            <summary>Allow the form to stick while moving</summary>
        </member>
        <member name="P:Blue.Windows.StickyWindow.StickToScreen">
            <summary>Allow sticking to Screen Margins</summary>
        </member>
        <member name="P:Blue.Windows.StickyWindow.StickToOther">
            <summary>Allow sticking to other StickWindows</summary>
        </member>
        <member name="M:Blue.Windows.StickyWindow.RegisterExternalReferenceForm(System.Windows.Forms.Form)">
            <summary>
            Register a new form as an external reference form.
            All Sticky windows will try to stick to the external references.
            Use this to register your MainFrame so the child windows try to stick to it, when your MainFrame is NOT a sticky window
            </summary>
            <param name="frmExternal">External window that will be used as reference</param>
        </member>
        <member name="M:Blue.Windows.StickyWindow.UnregisterExternalReferenceForm(System.Windows.Forms.Form)">
            <summary>Unregister a form from the external references</summary>
            <see cref="M:Blue.Windows.StickyWindow.RegisterExternalReferenceForm(System.Windows.Forms.Form)"/>
            <param name="frmExternal">External window that will was used as reference</param>
        </member>
        <member name="M:Blue.Windows.StickyWindow.#ctor(System.Windows.Forms.Form)">
            <summary>Make the form Sticky</summary>
            <param name="form">Form to be made sticky</param>
        </member>
        <member name="M:Blue.Windows.StickyWindow.OnHandleChange">
            <summary>
            Handles changes to the underlying window handle. When a handle becomes available the
            associated form is added to the global sticky list; when released it is removed.
            </summary>
        </member>
        <member name="M:Blue.Windows.StickyWindow.WndProc(System.Windows.Forms.Message@)">
            <summary>
            Main window procedure override. Delegates processing to the active message processor
            (default / move / resize) and only calls base implementation if the message was not handled.
            </summary>
            <param name="m">Incoming Windows message.</param>
        </member>
        <member name="M:Blue.Windows.StickyWindow.DefaultMsgProcessor(System.Windows.Forms.Message@)">
            <summary>
            Processes messages during normal operations (while the form is neither being resized nor moved).
            Captures non-client left button down to potentially start a move or resize operation.
            </summary>
            <param name="m">Message to process.</param>
            <returns>True if the message was handled; otherwise false.</returns>
        </member>
        <member name="M:Blue.Windows.StickyWindow.OnNCLButtonDown(System.Int32,System.Drawing.Point)">
            <summary>Checks where the click was in the NC area and starts move or resize operation</summary>
            <param name="iHitTest">Hit test constant identifying the non-client area part clicked.</param>
            <param name="point">Mouse location in non-client coordinates.</param>
            <returns>True if the message is consumed by starting a move/resize operation.</returns>
        </member>
        <member name="M:Blue.Windows.StickyWindow.StartResize(Blue.Windows.StickyWindow.ResizeDir)">
            <summary>Initializes a resize operation for the specified edges if resizing is enabled.</summary>
            <param name="resDir">Flags indicating which edges are being resized.</param>
            <returns>True if the resize operation is started.</returns>
        </member>
        <member name="M:Blue.Windows.StickyWindow.ResizeMsgProcessor(System.Windows.Forms.Message@)">
            <summary>
            Message processor active during a resize operation.
            Tracks mouse movement, completion and cancellation (ESC key) and updates form bounds accordingly.
            </summary>
            <param name="m">Message reference.</param>
            <returns>Always false to allow default processing for unhandled messages.</returns>
        </member>
        <member name="M:Blue.Windows.StickyWindow.EndResize">
            <summary>Ends an active resize operation.</summary>
        </member>
        <member name="M:Blue.Windows.StickyWindow.Resize(System.Drawing.Point)">
            <summary>Computes new bounds while resizing based on current mouse position, applying snapping rules to screen edges and other sticky windows.</summary>
            <param name="p">Mouse point in client coordinates.</param>
        </member>
        <member name="M:Blue.Windows.StickyWindow.Resize_Stick(System.Drawing.Rectangle,System.Boolean)">
            <summary>
            Attempts to adjust the offset rectangle while resizing to snap edges to the provided
            rectangle (screen or other window) within the configured stick gap.
            </summary>
            <param name="toRect">Target rectangle to snap against.</param>
            <param name="bInsideStick">True to allow inside edge snapping (window-to-window), false for screen.</param>
        </member>
        <member name="M:Blue.Windows.StickyWindow.StartMove">
            <summary>Begins a move operation for the window.</summary>
        </member>
        <member name="M:Blue.Windows.StickyWindow.EndMove">
            <summary>Ends an active move operation.</summary>
        </member>
        <member name="M:Blue.Windows.StickyWindow.Move(System.Drawing.Point)">
            <summary>Updates window location while moving, applying snapping against screen bounds and other registered sticky windows.</summary>
            <param name="p">Mouse point in client coordinates.</param>
        </member>
        <member name="M:Blue.Windows.StickyWindow.Move_Stick(System.Drawing.Rectangle,System.Boolean)">
            <summary>Attempts to adjust the move offset to snap the window edges to the specified rectangle within the configured stick gap.</summary>
            <param name="toRect">Rectangle to snap against.</param>
            <param name="bInsideStick">True to allow inside snapping, false for screen boundaries.</param>
        </member>
        <member name="M:Blue.Windows.StickyWindow.NormalizeInside(System.Int32,System.Int32,System.Int32)">
            <summary>Ensures a coordinate lies within the inclusive range defined by two bounds.</summary>
            <param name="iP1">Value to normalize.</param>
            <param name="iM1">Lower bound.</param>
            <param name="iM2">Upper bound.</param>
            <returns>Normalized value constrained to the specified range.</returns>
        </member>
        <member name="M:Blue.Windows.StickyWindow.Cancel">
            <summary>Cancels any active move/resize operation and restores the default message processor.</summary>
        </member>
        <member name="T:SAL.Flatbed.Configuration">
            <summary>Basic host settings</summary>
        </member>
        <member name="F:SAL.Flatbed.Configuration.AssemblyFileName">
            <summary>Application settings folder</summary>
        </member>
        <member name="F:SAL.Flatbed.Configuration._company">
            <summary>The company name is the root settings folder</summary>
        </member>
        <member name="F:SAL.Flatbed.Configuration._kernelName">
            <summary>The kernel name is a child folder of the company</summary>
        </member>
        <member name="P:SAL.Flatbed.Configuration.BaseDirectory">
            <summary>Default working folder</summary>
            <remarks>DKorablin (21.09.2018): Environment.CurrentDirectory - Removed search for plugins from the current folder, because when launched through system utilities, current folder goes to %WINDIR%\System32 (runas, autorun)</remarks>
        </member>
        <member name="P:SAL.Flatbed.Configuration.Plugin.SettingsPath">
            <summary>Folder to save application settings</summary>
        </member>
        <member name="M:SAL.Flatbed.Configuration.Plugin.SetKernelForSettigns(SAL.Flatbed.IPluginDescription)">
            <summary>Set plugin to mark root settings folder</summary>
            <param name="kernel">Kernel plugin that will be used as root for application settings</param>
        </member>
        <member name="T:SAL.Flatbed.FilePluginProvider">
            <summary>A provider that provides search for plugins in the file system</summary>
        </member>
        <member name="F:SAL.Flatbed.FilePluginProvider._pluginPath">
            <summary>The folder from which the plugins were loaded</summary>
        </member>
        <member name="F:SAL.Flatbed.FilePluginProvider._failedAssembliesCache">
            <summary>Cache for failed assemblies. To speedup load time</summary>
        </member>
        <member name="P:SAL.Flatbed.FilePluginProvider.Host">
            <summary>Host running application</summary>
        </member>
        <member name="P:SAL.Flatbed.FilePluginProvider.SAL#Flatbed#IPluginProvider#ParentProvider">
            <summary>Parent plugin provider that loads current plugin provider</summary>
        </member>
        <member name="M:SAL.Flatbed.FilePluginProvider.#ctor(SAL.Flatbed.IHost)">
            <summary>Creating a plugin provider by searching for new plugins in the current directory from which the application is launched</summary>
            <param name="host">Host control interface from current application</param>
        </member>
        <member name="M:SAL.Flatbed.FilePluginProvider.#ctor(SAL.Flatbed.IHost,System.String)">
            <summary>Creating a plugin provider with a pluginPath where plugins are located</summary>
            <param name="host">Host control interface from current application</param>
            <param name="pluginPath">The path to the folder in which to search for plugins</param>
        </member>
        <member name="M:SAL.Flatbed.FilePluginProvider.SAL#Flatbed#IPluginProvider#ResolveAssembly(System.String)">
            <summary>Resolve assembly referenced by plugin</summary>
            <param name="assemblyName">The name of the required assembly</param>
            <returns>Found assembly or null</returns>
        </member>
        <member name="T:SAL.Flatbed.ObjectPropertiesUtils">
            <summary>Various utilities</summary>
        </member>
        <member name="M:SAL.Flatbed.ObjectPropertiesUtils.SerializeToString(System.Object)">
            <summary>Serialize object to string</summary>
            <param name="obj">Object to serialize</param>
            <returns>Serialized object represented as Base64</returns>
        </member>
        <member name="M:SAL.Flatbed.ObjectPropertiesUtils.DeserializeFromString(System.String)">
            <summary>Convert string from Base64 to object</summary>
            <param name="str">String in Base64 format to convert to object</param>
            <returns>Deserialized object from Base64 string</returns>
        </member>
        <member name="M:SAL.Flatbed.ObjectPropertiesUtils.SerializeObject(System.Object)">
            <summary>Serialize object to byte array</summary>
            <remarks>CopyPaste from <c>Plugin.SqlSettingsProvider.Utils</c></remarks>
            <param name="obj">Object for serialization</param>
            <returns>Serialized object represented as a byte array</returns>
        </member>
        <member name="M:SAL.Flatbed.ObjectPropertiesUtils.DeserializeObject(System.Byte[])">
            <summary>Deserialize byte array to object</summary>
            <remarks>CopyPaste from <c>Plugin.SqlSettingsProvider.Utils</c></remarks>
            <param name="bytes">Byte array to convert to object</param>
            <returns>Deserialized object from byte array</returns>
        </member>
        <member name="M:SAL.Flatbed.ObjectPropertiesUtils.GetPublicProperties(System.Object)">
            <summary>Get public properties from the object</summary>
            <remarks>Only properties of the current level can be retrieved, not child properties</remarks>
            <param name="item">The object of the value of the public properties of which you want to get</param>
            <returns>Array of keys and values</returns>
        </member>
        <member name="M:SAL.Flatbed.ObjectPropertiesUtils.SetProperties(System.Object,System.Collections.Generic.IEnumerable{System.Collections.Generic.KeyValuePair{System.String,System.Object}})">
            <summary>Set public properties of an object from an array of keys and values</summary>
            <param name="target">Object in which to set values</param>
            <param name="values">Array of values</param>
        </member>
        <member name="M:SAL.Flatbed.ObjectPropertiesUtils.ParsePersistString(System.String)">
            <summary>Parse the string representation of the parameters into a key/value array</summary>
            <param name="persistString">String representation of parameters</param>
            <returns>Stream of parsed keys and values</returns>
        </member>
        <member name="M:SAL.Flatbed.ObjectPropertiesUtils.CompareValues(System.Object,System.Object)">
            <summary>Comparison of 2 objects of indefinite type (Assuming that their types are identical and the keys are similar)</summary>
            <param name="value1">First object to compare</param>
            <param name="value2">Second object to compare</param>
            <returns>Objects are equal</returns>
        </member>
        <member name="T:SAL.Flatbed.ObjectPropertiesUtils2">
            <summary>Various utils</summary>
        </member>
        <member name="M:SAL.Flatbed.ObjectPropertiesUtils2.CopyProperties(System.Object,System.Object)">
            <summary>Copy properties from one type to another</summary>
            <remarks>
            Primary idea is to create arguments for window arguments.
            Not intended to create copy of an object
            </remarks>
            <param name="source">Source object with values</param>
            <param name="target">Target object whose values has to be filled</param>
        </member>
        <member name="M:SAL.Flatbed.ObjectPropertiesUtils2.ParsePersistString(System.String)">
            <summary>Parse the string representation of the parameters into a key/value array</summary>
            <param name="persistString">String representation of parameters</param>
            <returns>Stream of parsed keys and values</returns>
        </member>
        <member name="M:SAL.Flatbed.ObjectPropertiesUtils2.SerializeToString(System.Object)">
            <summary>Serialize object to string</summary>
            <param name="obj">Object to serialize</param>
            <returns>Serialized object represented as Base64</returns>
        </member>
        <member name="M:SAL.Flatbed.ObjectPropertiesUtils2.DeserializeFromString(System.String)">
            <summary>Convert string from Base64 to object</summary>
            <param name="str">String in Base64 format to convert to object</param>
            <returns>Deserialized object from Base64 string</returns>
        </member>
        <member name="M:SAL.Flatbed.ObjectPropertiesUtils2.SerializeObject(System.Object)">
            <summary>Serialize object to byte array</summary>
            <remarks>CopyPaste from <c>Plugin.SqlSettingsProvider.Utils</c></remarks>
            <param name="obj">Object for serialization</param>
            <returns>Serialized object represented as a byte array</returns>
        </member>
        <member name="M:SAL.Flatbed.ObjectPropertiesUtils2.DeserializeObject(System.Byte[])">
            <summary>Deserialize byte array to object</summary>
            <remarks>CopyPaste from <c>Plugin.SqlSettingsProvider.Utils</c></remarks>
            <param name="bytes">Byte array to convert to object</param>
            <returns>Deserialized object from byte array</returns>
        </member>
        <member name="M:SAL.Flatbed.XmlSettingsPlugin.SAL#Flatbed#IPlugin#OnConnection(SAL.Flatbed.ConnectMode)">
            <summary>Method is called after connected to host</summary>
            <param name="mode">How plugin is connected</param>
            <returns>Plugin connection result</returns>
        </member>
        <member name="M:SAL.Flatbed.XmlSettingsPlugin.SAL#Flatbed#IPlugin#OnDisconnection(SAL.Flatbed.DisconnectMode)">
            <summary>Method is called by host before plugin is disconnected</summary>
            <param name="mode">How plugin is disconnected</param>
            <returns>Plugin disconnection result</returns>
        </member>
        <member name="T:SAL.Flatbed.XmlSettings">
            <summary>Plugin settings provider</summary>
        </member>
        <member name="M:SAL.Flatbed.XmlSettings.BinarySaver.Deserialize(System.Byte[])">
            <summary>Deserialize an array of bytes</summary>
            <param name="settings">serialized object</param>
            <returns></returns>
        </member>
        <member name="M:SAL.Flatbed.XmlSettings.BinarySaver.Serialize(System.Object)">
            <summary>Serialize object to byte array</summary>
            <param name="settings">Object to serialize</param>
            <returns>Serialization result</returns>
        </member>
        <member name="P:SAL.Flatbed.XmlSettings.SettingsFolder">
            <summary>Folder where files are stored</summary>
            <remarks>Tied to multiple solutions. Do not change.</remarks>
        </member>
        <member name="P:SAL.Flatbed.XmlSettings.ParentProvider">
            <summary>Parent provider to store settings</summary>
        </member>
        <member name="P:SAL.Flatbed.XmlSettings.Item(System.Int32)">
            <summary>Get plugin description row by plugin identifier</summary>
            <param name="ID">Plugin identifier</param>
            <returns>Plugin description row or null</returns>
        </member>
        <member name="P:SAL.Flatbed.XmlSettings.Item(SAL.Flatbed.IPluginDescription)">
            <summary>Get a row that defines the assembly of the plugin</summary>
            <param name="plugin">Plugin description interface which we need to find</param>
            <returns>Row with data that belongs to plugin</returns>
        </member>
        <member name="P:SAL.Flatbed.XmlSettings.Assemblies">
            <summary>Get a list of all assemblies that have saved their settings</summary>
        </member>
        <member name="P:SAL.Flatbed.XmlSettings.ConfigFileName">
            <summary>path to XML settings file</summary>
        </member>
        <member name="M:SAL.Flatbed.XmlSettings.#ctor(SAL.Flatbed.XmlSettingsPlugin)">
            <summary>Creating an instance of a settings provider in an XML File</summary>
            <param name="plugin">XML settings plugin instance</param>
        </member>
        <member name="M:SAL.Flatbed.XmlSettings.GetPluginBlobFolder(SAL.Flatbed.IPluginDescription)">
            <summary>Get folder to save large plugin objects</summary>
            <param name="plugin">Plugin interface, the parameter by which to get</param>
            <returns>Folder for storing large plugin objects</returns>
        </member>
        <member name="M:SAL.Flatbed.XmlSettings.OnSaveAsyncException(System.Exception)">
            <summary>Exception on asynchronous exception</summary>
            <param name="exc">Exception</param>
        </member>
        <member name="M:SAL.Flatbed.XmlSettings.LoadAssemblyParameter(SAL.Flatbed.IPluginDescription,System.String)">
            <summary>Get parameter value from settings</summary>
            <param name="plugin">Plugin interface whose parameter value is to be obtained</param>
            <param name="key">The key by which to get the value</param>
            <returns>Value stored in storage or null</returns>
            <exception cref="T:System.ArgumentNullException">plugin is null</exception>
            <exception cref="T:System.ArgumentNullException">key is null or empty</exception>
        </member>
        <member name="M:SAL.Flatbed.XmlSettings.LoadAssemblyParameterI(AlphaOmega.Flatbed.Dialog.Bll.AssemblyDataSet.AssemblyRow,System.String)">
            <summary>Get parameter from plugin settings</summary>
            <param name="asm">A row characterizing the plugin</param>
            <param name="key">The key of the value by which to get the value</param>
            <returns>Value stored in storage or null</returns>
        </member>
        <member name="M:SAL.Flatbed.XmlSettings.GetAssemblyParametersI(SAL.Flatbed.IPluginDescription)">
            <summary>Getting a list of plugin parameters without additional checks and downloads</summary>
            <param name="plugin">Plugin for which you need to load all parameters</param>
            <returns>List of plugin settings values</returns>
        </member>
        <member name="M:SAL.Flatbed.XmlSettings.LoadAssemblyBlob(SAL.Flatbed.IPluginDescription,System.String)">
            <summary>Get a large value from storage</summary>
            <param name="plugin">Plugin interface where value is belongs</param>
            <param name="key">Key for the value to load from storage</param>
            <returns>Large object value found by key or null</returns>
            <exception cref="T:System.ArgumentNullException">plugin is null</exception>
            <exception cref="T:System.ArgumentNullException">key is null or empty</exception>
        </member>
        <member name="M:SAL.Flatbed.XmlSettings.LoadAssemblyParameters``1(SAL.Flatbed.IPluginDescription,``0)">
            <summary>Fill settings object with parameters for specified plugin</summary>
            <param name="plugin">Plugin that hosts settings object</param>
            <param name="settings">Settings object that is used as container for the settings</param>
            <typeparam name="T">Settings type</typeparam>
            <exception cref="T:System.ArgumentNullException">plugin is null</exception>
            <exception cref="T:System.ArgumentNullException">settings is null</exception>
        </member>
        <member name="M:SAL.Flatbed.XmlSettings.LoadAssemblyParameters(SAL.Flatbed.IPluginDescription)">
            <summary>Get list of all settings values from the storage</summary>
            <param name="plugin">Plugin interface whose keys and parameter values need to be obtained</param>
            <returns>All array of parameter values that belongs to current plugin</returns>
            <exception cref="T:System.ArgumentNullException">plugin is null</exception>
        </member>
        <member name="M:SAL.Flatbed.XmlSettings.GetAssemblyParameter(System.Int32,System.String)">
            <summary>Get parameter from settings for plugin by build id</summary>
            <param name="assemblyId">Assembly identifier from table <see cref="T:System.Reflection.Assembly"/></param>
            <param name="key">Value key which is used to get value</param>
            <returns>Key value pair by key and assembly Id</returns>
        </member>
        <member name="M:SAL.Flatbed.XmlSettings.GetAssemblyParameters(System.Int32)">
            <summary>Get a list of all parameters by plugin identifier</summary>
            <param name="assemblyID">Assembly identifier of the parameters for which you need to get</param>
            <returns>Rows with assembly parameters</returns>
        </member>
        <member name="M:SAL.Flatbed.XmlSettings.SaveAssemblyParameters(SAL.Flatbed.IPluginDescription)">
            <summary>Store assembly parameters in storage</summary>
            <param name="plugin">Plugin which values we need to store in the storage</param>
            <exception cref="T:System.ArgumentNullException"><c>plugin</c> is <c>null</c></exception>
            <exception cref="T:System.ArgumentException"><c>plugin</c> does not inherits <c>ICustomizable</c></exception>
            <exception cref="T:System.ArgumentNullException"><c>((ICustomizable)plugin).Settings</c> is null</exception>
        </member>
        <member name="M:SAL.Flatbed.XmlSettings.SaveAssemblyParameter(SAL.Flatbed.IPluginDescription,System.String,System.Object)">
            <summary>Store assembly parameter in storage by plugin interface and parameter key</summary>
            <remarks>While saving <see cref="T:System.Enum"/> values they converted to simle type</remarks>
            <param name="plugin">Plugin description that parameter belongs</param>
            <param name="key">Parameter key</param>
            <param name="value">Value</param>
            <exception cref="T:System.ArgumentNullException"><c>plugin</c> is null</exception>
            <exception cref="T:System.ArgumentNullException"><c>key</c> is null or empty string</exception>
        </member>
        <member name="M:SAL.Flatbed.XmlSettings.SaveAssemblyParameter(AlphaOmega.Flatbed.Dialog.Bll.AssemblyDataSet.AssemblyRow,System.String,System.Object,System.Boolean)">
            <summary>Save assembly parameter in storage by assembly row and parameter key</summary>
            <param name="asm">Row in the XML table that previously store current parameter value</param>
            <param name="key">Parameter key</param>
            <param name="value">Parameter value</param>
            <param name="save">Store storage on the disk after parameter modified or added</param>
        </member>
        <member name="M:SAL.Flatbed.XmlSettings.SaveAssemblyBlob(SAL.Flatbed.IPluginDescription,System.String,System.IO.Stream)">
            <summary>Store large parameter value in the storage by plugin interface</summary>
            <param name="plugin">Plugin interface to which property value is belongs</param>
            <param name="key">Property identity key</param>
            <param name="value">Value of the large object</param>
            <exception cref="T:System.ArgumentNullException">plugin is null</exception>
            <exception cref="T:System.ArgumentNullException">key is null or empty</exception>
            <exception cref="T:System.ArgumentNullException">value is null or empty</exception>
        </member>
        <member name="M:SAL.Flatbed.XmlSettings.RemoveAssemblyParameter(SAL.Flatbed.IPluginDescription)">
            <summary>Remove all assembly parameters from storage</summary>
            <param name="plugin">Plugin interface for which parameters need to be removed</param>
            <exception cref="T:System.ArgumentNullException">plugin is null</exception>
        </member>
        <member name="M:SAL.Flatbed.XmlSettings.RemoveAssemblyParameter(SAL.Flatbed.IPluginDescription,System.String)">
            <summary>Remove assembly parameter from plugin settings storage</summary>
            <param name="plugin">Plugin interface to which parameter belongs and need to be removed</param>
            <param name="key">Parameter key to delete</param>
            <returns>Parameter removed successfully</returns>
            <exception cref="T:System.ArgumentNullException">plugin is null</exception>
            <exception cref="T:System.ArgumentNullException">key is null or empty</exception>
        </member>
        <member name="M:SAL.Flatbed.XmlSettings.RemoveAssemblyBlob(SAL.Flatbed.IPluginDescription,System.String)">
            <summary>Delete a large object from storage using the plugin interface</summary>
            <param name="plugin">Plugin interface, the parameter to delete</param>
            <param name="key">LOB key to delete</param>
            <returns>Deleting a large object was successful</returns>
            <exception cref="T:System.ArgumentNullException">plugin is null</exception>
            <exception cref="T:System.ArgumentNullException">key is null or empty</exception>
        </member>
        <member name="M:SAL.Flatbed.XmlSettings.CanSaveProperty(System.Reflection.PropertyInfo)">
            <summary>Checking if a property can be stored in the settings provider</summary>
            <param name="property">Property information</param>
            <returns>Property can be saved in storage</returns>
        </member>
    </members>
</doc>
