<?xml version="1.0"?>
<doc>
    <assembly>
        <name>Flatbed.MDI</name>
    </assembly>
    <members>
        <member name="T:AlphaOmega.Flatbed.Mdi.Bll.AssemblyDataSet">
             <summary>
            Represents a strongly typed in-memory cache of data.
            </summary>
        </member>
        <member name="T:AlphaOmega.Flatbed.Mdi.Bll.AssemblyDataSet.AssemblyDataTable">
             <summary>
            Represents the strongly named DataTable class.
            </summary>
        </member>
        <member name="T:AlphaOmega.Flatbed.Mdi.Bll.AssemblyDataSet.AssemblyValuesDataTable">
             <summary>
            Represents the strongly named DataTable class.
            </summary>
        </member>
        <member name="T:AlphaOmega.Flatbed.Mdi.Bll.AssemblyDataSet.AssemblyRow">
             <summary>
            Represents strongly named DataRow class.
            </summary>
        </member>
        <member name="T:AlphaOmega.Flatbed.Mdi.Bll.AssemblyDataSet.AssemblyValuesRow">
             <summary>
            Represents strongly named DataRow class.
            </summary>
        </member>
        <member name="T:AlphaOmega.Flatbed.Mdi.Bll.AssemblyDataSet.AssemblyRowChangeEvent">
             <summary>
            Row event argument class
            </summary>
        </member>
        <member name="T:AlphaOmega.Flatbed.Mdi.Bll.AssemblyDataSet.AssemblyValuesRowChangeEvent">
             <summary>
            Row event argument class
            </summary>
        </member>
        <member name="T:AlphaOmega.Flatbed.Mdi.Bll.Constant">
            <summary>Application constants</summary>
        </member>
        <member name="F:AlphaOmega.Flatbed.Mdi.Bll.Constant.File.DockPanelFileName">
            <summary>Name of the file with window display settings in the main application</summary>
        </member>
        <member name="T:AlphaOmega.Flatbed.Mdi.Bll.FlatbedArgs">
            <summary>Arguments required to execute the functionality of the main module</summary>
        </member>
        <member name="P:AlphaOmega.Flatbed.Mdi.Bll.FlatbedArgs.PluginPath">
            <summary>Path to the plugins folder, passed as arguments</summary>
        </member>
        <member name="P:AlphaOmega.Flatbed.Mdi.Bll.FlatbedArgs.DefaultPlugin">
            <summary>Kernel plugin by default passed arguments</summary>
        </member>
        <member name="M:AlphaOmega.Flatbed.Mdi.Bll.FlatbedArgs.GetArgKeyValue(System.String)">
            <summary>Get the value of a key in the arguments passed to the application</summary>
            <param name="key">Key to get value</param>
            <returns>Key or empty value</returns>
        </member>
        <member name="P:AlphaOmega.Flatbed.Mdi.Dialogs.AboutDialog.SelectedPlugin">
            <summary>Selected plugin from the list or kernel plugin</summary>
        </member>
        <member name="P:AlphaOmega.Flatbed.Mdi.Dialogs.AboutDialog.IsKernelExists">
            <summary>Kernel plugin loaded</summary>
        </member>
        <member name="F:AlphaOmega.Flatbed.Mdi.Dialogs.AboutDialog.components">
            <summary>
            Required designer variable.
            </summary>
        </member>
        <member name="M:AlphaOmega.Flatbed.Mdi.Dialogs.AboutDialog.Dispose(System.Boolean)">
            <summary>
            Clean up any resources being used.
            </summary>
        </member>
        <member name="M:AlphaOmega.Flatbed.Mdi.Dialogs.AboutDialog.InitializeComponent">
            <summary>
            Required method for Designer support - do not modify
            the contents of this method with the code editor.
            </summary>
        </member>
        <member name="T:AlphaOmega.Flatbed.Mdi.Dialogs.LogOnDlg">
            <summary>LogOn dialog box for custom user and password input</summary>
        </member>
        <member name="P:AlphaOmega.Flatbed.Mdi.Dialogs.LogOnDlg.UserName">
            <summary>User name</summary>
        </member>
        <member name="P:AlphaOmega.Flatbed.Mdi.Dialogs.LogOnDlg.Password">
            <summary>Password</summary>
        </member>
        <member name="M:AlphaOmega.Flatbed.Mdi.Dialogs.LogOnDlg.#ctor">
            <summary>Create instance of the LogOn dialog box</summary>
        </member>
        <member name="F:AlphaOmega.Flatbed.Mdi.Dialogs.LogOnDlg.components">
            <summary>
            Required designer variable.
            </summary>
        </member>
        <member name="M:AlphaOmega.Flatbed.Mdi.Dialogs.LogOnDlg.Dispose(System.Boolean)">
            <summary>
            Clean up any resources being used.
            </summary>
            <param name="disposing">true if managed resources should be disposed; otherwise, false.</param>
        </member>
        <member name="M:AlphaOmega.Flatbed.Mdi.Dialogs.LogOnDlg.InitializeComponent">
            <summary>
            Required method for Designer support - do not modify
            the contents of this method with the code editor.
            </summary>
        </member>
        <member name="P:AlphaOmega.Flatbed.Mdi.Dialogs.OptionsDlg.IsRestartNeeded">
            <summary>Restart required for changes to make effect</summary>
        </member>
        <member name="F:AlphaOmega.Flatbed.Mdi.Dialogs.OptionsDlg.components">
            <summary>
            Required designer variable.
            </summary>
        </member>
        <member name="M:AlphaOmega.Flatbed.Mdi.Dialogs.OptionsDlg.Dispose(System.Boolean)">
            <summary>
            Clean up any resources being used.
            </summary>
            <param name="disposing">true if managed resources should be disposed; otherwise, false.</param>
        </member>
        <member name="M:AlphaOmega.Flatbed.Mdi.Dialogs.OptionsDlg.InitializeComponent">
            <summary>
            Required method for Designer support - do not modify
            the contents of this method with the code editor.
            </summary>
        </member>
        <member name="T:AlphaOmega.Flatbed.Mdi.Dialogs.PanelEventList">
            <summary>The panel contains all exceptions that we got from Trace event source (See .config file)</summary>
        </member>
        <member name="M:AlphaOmega.Flatbed.Mdi.Dialogs.PanelEventList.#ctor(AlphaOmega.Flatbed.Mdi.MainForm)">
            <summary>Create instance of events list panel and pass handle to the host application</summary>
            <param name="host">Host application instance</param>
            <exception cref="T:System.ArgumentNullException">Host instance is required to create the panel instance</exception>
        </member>
        <member name="M:AlphaOmega.Flatbed.Mdi.Dialogs.PanelEventList.OnCreateControl">
            <inheritdoc/>
        </member>
        <member name="M:AlphaOmega.Flatbed.Mdi.Dialogs.PanelEventList.AddException(System.Exception)">
            <summary>Adds new exception to show in the list</summary>
            <param name="exc">Exception instance to log</param>
        </member>
        <member name="F:AlphaOmega.Flatbed.Mdi.Dialogs.PanelEventList.components">
            <summary>
            Required designer variable.
            </summary>
        </member>
        <member name="M:AlphaOmega.Flatbed.Mdi.Dialogs.PanelEventList.Dispose(System.Boolean)">
            <summary>
            Clean up any resources being used.
            </summary>
            <param name="disposing">true if managed resources should be disposed; otherwise, false.</param>
        </member>
        <member name="M:AlphaOmega.Flatbed.Mdi.Dialogs.PanelEventList.InitializeComponent">
            <summary>
            Required method for Designer support - do not modify
            the contents of this method with the code editor.
            </summary>
        </member>
        <member name="T:AlphaOmega.Flatbed.Mdi.Dialogs.PanelOutput">
            <summary>This panel contains all events that we got from Trace event source (See .config file)</summary>
        </member>
        <member name="P:AlphaOmega.Flatbed.Mdi.Dialogs.PanelOutput.ActiveLog">
            <summary>Active event recording element selected by the user</summary>
        </member>
        <member name="P:AlphaOmega.Flatbed.Mdi.Dialogs.PanelOutput.ActiveOutputType">
            <summary>Current open log</summary>
        </member>
        <member name="M:AlphaOmega.Flatbed.Mdi.Dialogs.PanelOutput.#ctor">
            <summary>Creating an instance of a class with an event record about successful application initialization</summary>
        </member>
        <member name="M:AlphaOmega.Flatbed.Mdi.Dialogs.PanelOutput.OnCreateControl">
            <inheritdoc/>
        </member>
        <member name="M:AlphaOmega.Flatbed.Mdi.Dialogs.PanelOutput.AddMessage(System.String,System.String)">
            <summary>Add a message to the application log</summary>
            <param name="title">Message title</param>
            <param name="message">Message body</param>
        </member>
        <member name="M:AlphaOmega.Flatbed.Mdi.Dialogs.PanelOutput.FormatEventMessage(System.String)">
            <summary>Format event message to show it in log window</summary>
            <param name="message">Message to show in the log window</param>
            <returns>Formatted message for logging</returns>
        </member>
        <member name="F:AlphaOmega.Flatbed.Mdi.Dialogs.PanelOutput.components">
            <summary>
            Required designer variable.
            </summary>
        </member>
        <member name="M:AlphaOmega.Flatbed.Mdi.Dialogs.PanelOutput.Dispose(System.Boolean)">
            <summary>
            Clean up any resources being used.
            </summary>
            <param name="disposing">true if managed resources should be disposed; otherwise, false.</param>
        </member>
        <member name="M:AlphaOmega.Flatbed.Mdi.Dialogs.PanelOutput.InitializeComponent">
            <summary>
            Required method for Designer support - do not modify
            the contents of this method with the code editor.
            </summary>
        </member>
        <member name="P:AlphaOmega.Flatbed.Mdi.Dialogs.SelectPluginDlg.DefaultPlugin">
            <summary>Default user plugin</summary>
        </member>
        <member name="P:AlphaOmega.Flatbed.Mdi.Dialogs.SelectPluginDlg.SelectedPlugin">
            <summary>User selected plugin</summary>
        </member>
        <member name="M:AlphaOmega.Flatbed.Mdi.Dialogs.SelectPluginDlg.SelectPlugin``1(SAL.Flatbed.IPluginStorage)">
            <summary>Search for a specific type of plugin</summary>
            <typeparam name="T">Plugin interface to be found</typeparam>
            <param name="storage">Plugin repository</param>
            <returns>Interface of the found plugin or null if the plugin was not found</returns>
        </member>
        <member name="M:AlphaOmega.Flatbed.Mdi.Dialogs.SelectPluginDlg.SelectPlugin``1(SAL.Flatbed.IPluginStorage,System.String@)">
            <summary>Search for specified type plugin</summary>
            <typeparam name="T">Plugin interface that need to be found</typeparam>
            <param name="storage">Plugins storage instance to search for required plugin</param>
            <param name="defaultPlugin">Default plugin name</param>
            <returns>Found plugin interface or null if plugin not found</returns>
        </member>
        <member name="M:AlphaOmega.Flatbed.Mdi.Dialogs.SelectPluginDlg.SelectPlugin(System.Collections.Generic.IEnumerable{SAL.Flatbed.IPluginDescription},System.String@)">
            <summary>Get a plugin interface of a specific type</summary>
            <remarks>If there is more than one type of plugin found and <c>DefaultPlugin</c> is not defined, then a dialog box is displayed with the ability to select a plugin</remarks>
            <param name="pluginsEnum">An array of plugins to search for a specific plugin type</param>
            <param name="defaultPlugin">Default plugin name</param>
            <returns>Interface of the found plugin or null</returns>
        </member>
        <member name="F:AlphaOmega.Flatbed.Mdi.Dialogs.SelectPluginDlg.components">
            <summary>
            Required designer variable.
            </summary>
        </member>
        <member name="M:AlphaOmega.Flatbed.Mdi.Dialogs.SelectPluginDlg.Dispose(System.Boolean)">
            <summary>
            Clean up any resources being used.
            </summary>
            <param name="disposing">true if managed resources should be disposed; otherwise, false.</param>
        </member>
        <member name="M:AlphaOmega.Flatbed.Mdi.Dialogs.SelectPluginDlg.InitializeComponent">
            <summary>
            Required method for Designer support - do not modify
            the contents of this method with the code editor.
            </summary>
        </member>
        <member name="M:AlphaOmega.Flatbed.Mdi.Logging.HostTraceListener.IsFatal(System.Exception)">
            <summary>Check that exception is fatal</summary>
            <remarks>If we'll try to process fatal exceptions then we can break exception processing logic</remarks>
            <param name="exception">The exception to check</param>
            <returns>Exception is fatal there is no meaning to process it</returns>
        </member>
        <member name="T:AlphaOmega.Flatbed.Mdi.MainForm">
            <summary>Main form for MDI host application</summary>
        </member>
        <member name="P:AlphaOmega.Flatbed.Mdi.MainForm.Args">
            <summary>The arguments passed from user</summary>
        </member>
        <member name="M:AlphaOmega.Flatbed.Mdi.MainForm.#ctor">
            <summary>Create instance of main form</summary>
        </member>
        <member name="M:AlphaOmega.Flatbed.Mdi.MainForm.MainForm_Load(System.Object,System.EventArgs)">
            <summary>Load the form and load UI location</summary>
        </member>
        <member name="M:AlphaOmega.Flatbed.Mdi.MainForm.SystemEvents_DisplaySettingsChanged(System.Object,System.EventArgs)">
            <summary>Changing window position after user changed screen resolution</summary>
        </member>
        <member name="F:AlphaOmega.Flatbed.Mdi.MainForm.components">
            <summary>
            Required designer variable.
            </summary>
        </member>
        <member name="M:AlphaOmega.Flatbed.Mdi.MainForm.Dispose(System.Boolean)">
            <summary>
            Clean up any resources being used.
            </summary>
            <param name="disposing">true if managed resources should be disposed; otherwise, false.</param>
        </member>
        <member name="M:AlphaOmega.Flatbed.Mdi.MainForm.InitializeComponent">
            <summary>
            Required method for Designer support - do not modify
            the contents of this method with the code editor.
            </summary>
        </member>
        <member name="M:AlphaOmega.Flatbed.Mdi.MainForm.ShowStatusMessage(System.String)">
            <summary>Display message in status bar</summary>
            <param name="message">Message to display in status</param>
        </member>
        <member name="M:AlphaOmega.Flatbed.Mdi.MainForm.GetContentFromPersistString(System.String)">
            <summary>Method for recovering panel information from XML file</summary>
            <param name="persistString">Panel name from XML file</param>
            <returns>Panel interface</returns>
        </member>
        <member name="T:AlphaOmega.Flatbed.Mdi.Menu">
            <inheritdoc/>
        </member>
        <member name="P:AlphaOmega.Flatbed.Mdi.Menu.Items">
            <summary>List of all items in the current host menu</summary>
        </member>
        <member name="M:AlphaOmega.Flatbed.Mdi.Menu.#ctor(System.Windows.Forms.MenuStrip)">
            <summary>Create instance of menu wrapper interface related to current host logic</summary>
            <param name="owner">Source menu instance</param>
            <exception cref="T:System.ArgumentNullException">Source menu instance is required</exception>
        </member>
        <member name="M:AlphaOmega.Flatbed.Mdi.Menu.SAL#Windows#IMenu#FindMenuItem(System.String)">
            <summary>Find menu item by menu text</summary>
            <param name="text">Text to find</param>
            <returns>Found menu item or null</returns>
            <exception cref="T:System.ArgumentNullException">Text to find can't be null</exception>
        </member>
        <member name="M:AlphaOmega.Flatbed.Mdi.Menu.SAL#Windows#IMenu#Create(System.String)">
            <summary>Initializes a new instance of the System.Windows.Forms.ToolStripMenuItem class that displays the specified text.</summary>
            <param name="text">The text to display on the menu item.</param>
        </member>
        <member name="M:AlphaOmega.Flatbed.Mdi.Menu.SAL#Windows#IMenu#Create(System.String,System.Object)">
            <summary>Initializes a new instance of the System.Windows.Forms.ToolStripMenuItem class that displays the specified text and image.</summary>
            <param name="text">The text to display on the menu item.</param>
            <param name="image">The <see cref="T:System.Drawing.Image"/> to display on the control.</param>
        </member>
        <member name="M:AlphaOmega.Flatbed.Mdi.Menu.SAL#Windows#IMenu#Create(System.String,System.Object,System.EventHandler)">
            <summary>Initializes a new instance of the System.Windows.Forms.ToolStripMenuItem class that displays the specified text and image and that does the specified action when the System.Windows.Forms.ToolStripMenuItem is clicked.</summary>
            <param name="text">The text to display on the menu item.</param>
            <param name="image">The <see cref="T:System.Drawing.Image"/> to display on the control.</param>
            <param name="onClick">An event handler that raises the System.Windows.Forms.Control.Click event when the control is clicked.</param>
        </member>
        <member name="T:AlphaOmega.Flatbed.Mdi.MenuItem">
            <summary>Host menu item facade object</summary>
        </member>
        <member name="P:AlphaOmega.Flatbed.Mdi.MenuItem.Items">
            <summary>The list of all drop down items in the menu</summary>
        </member>
        <member name="E:AlphaOmega.Flatbed.Mdi.MenuItem.SAL#Windows#IMenuItem#Click">
            <summary>Click event on current menu item</summary>
        </member>
        <member name="M:AlphaOmega.Flatbed.Mdi.MenuItem.#ctor(System.Windows.Forms.ToolStripItem)">
            <summary>Create instance of host menu item facade with base menu from the host</summary>
            <param name="owner">Base menu control from the host</param>
        </member>
        <member name="M:AlphaOmega.Flatbed.Mdi.MenuItem.#ctor(System.Drawing.Image)">
            <summary>Initializes a new instance of the System.Windows.Forms.ToolStripMenuItem class that displays the specified System.Drawing.Image.</summary>
            <param name="image">The System.Drawing.Image to display on the control.</param>
        </member>
        <member name="M:AlphaOmega.Flatbed.Mdi.MenuItem.#ctor(System.String)">
            <summary>Initializes a new instance of the System.Windows.Forms.ToolStripMenuItem class that displays the specified text.</summary>
            <param name="text">The text to display on the menu item.</param>
        </member>
        <member name="M:AlphaOmega.Flatbed.Mdi.MenuItem.#ctor(System.String,System.Drawing.Image)">
            <summary>Initializes a new instance of the System.Windows.Forms.ToolStripMenuItem class that displays the specified text and image.</summary>
            <param name="text">The text to display on the menu item.</param>
            <param name="image">The System.Drawing.Image to display on the control.</param>
        </member>
        <member name="M:AlphaOmega.Flatbed.Mdi.MenuItem.#ctor(System.String,System.Drawing.Image,System.EventHandler)">
            <summary>Initializes a new instance of the System.Windows.Forms.ToolStripMenuItem class that displays the specified text and image and that does the specified action when the System.Windows.Forms.ToolStripMenuItem is clicked.</summary>
            <param name="text">The text to display on the menu item.</param>
            <param name="image">The System.Drawing.Image to display on the control.</param>
            <param name="onClick">An event handler that raises the System.Windows.Forms.Control.Click event when the control is clicked.</param>
        </member>
        <member name="M:AlphaOmega.Flatbed.Mdi.MenuItem.#ctor(System.String,System.Drawing.Image,System.Windows.Forms.ToolStripItem[])">
            <summary>Initializes a new instance of the System.Windows.Forms.ToolStripMenuItem class that displays the specified text and image and that contains the specified System.Windows.Forms.ToolStripItem collection.</summary>
            <param name="text">The text to display on the menu item.</param>
            <param name="image">The System.Drawing.Image to display on the control.</param>
            <param name="dropDownItems">The menu items to display when the control is clicked.</param>
        </member>
        <member name="M:AlphaOmega.Flatbed.Mdi.MenuItem.#ctor(System.String,System.Drawing.Image,System.EventHandler,System.Windows.Forms.Keys)">
            <summary>Initializes a new instance of the System.Windows.Forms.ToolStripMenuItem class that displays the specified text and image, does the specified action when the System.Windows.Forms.ToolStripMenuItem is clicked, and displays the specified shortcut keys.</summary>
            <param name="text">The text to display on the menu item.</param>
            <param name="image">The System.Drawing.Image to display on the control.</param>
            <param name="onClick">An event handler that raises the System.Windows.Forms.Control.Click event when the control is clicked.</param>
            <param name="shortcutKeys">One of the values of System.Windows.Forms.Keys that represents the shortcut key for the System.Windows.Forms.ToolStripMenuItem.</param>
        </member>
        <member name="M:AlphaOmega.Flatbed.Mdi.MenuItem.#ctor(System.String,System.Drawing.Image,System.EventHandler,System.String)">
            <summary>Initializes a new instance of the System.Windows.Forms.ToolStripMenuItem class with the specified name that displays the specified text and image that does the specified action when the System.Windows.Forms.ToolStripMenuItem is clicked.</summary>
            <param name="text">The text to display on the menu item.</param>
            <param name="image">The System.Drawing.Image to display on the control.</param>
            <param name="onClick">An event handler that raises the System.Windows.Forms.Control.Click event when the control is clicked.</param>
            <param name="name">The name of the menu item.</param>
        </member>
        <member name="M:AlphaOmega.Flatbed.Mdi.MenuItem.SAL#Windows#IMenu#Create(System.String)">
            <summary>Initializes a new instance of the System.Windows.Forms.ToolStripMenuItem class that displays the specified text.</summary>
            <param name="text">The text to display on the menu item.</param>
        </member>
        <member name="M:AlphaOmega.Flatbed.Mdi.MenuItem.SAL#Windows#IMenu#Create(System.String,System.Object)">
            <summary>Initializes a new instance of the System.Windows.Forms.ToolStripMenuItem class that displays the specified text and image.</summary>
            <param name="text">The text to display on the menu item.</param>
            <param name="image">The System.Drawing.Image to display on the control.</param>
        </member>
        <member name="M:AlphaOmega.Flatbed.Mdi.MenuItem.SAL#Windows#IMenu#Create(System.String,System.Object,System.EventHandler)">
            <summary>Initializes a new instance of the System.Windows.Forms.ToolStripMenuItem class that displays the specified text and image and that does the specified action when the System.Windows.Forms.ToolStripMenuItem is clicked.</summary>
            <param name="text">The text to display on the menu item.</param>
            <param name="image">The System.Drawing.Image to display on the control.</param>
            <param name="onClick">An event handler that raises the System.Windows.Forms.Control.Click event when the control is clicked.</param>
        </member>
        <member name="M:AlphaOmega.Flatbed.Mdi.MenuItem.SAL#Windows#IMenu#FindMenuItem(System.String)">
            <inheritdoc/>
        </member>
        <member name="T:AlphaOmega.Flatbed.Mdi.MenuItemCollection">
            <summary>Host menu item wrapper facade</summary>
        </member>
        <member name="M:AlphaOmega.Flatbed.Mdi.MenuItemCollection.GetEnumerator">
            <summary>Gets list of all dropped down menuItems</summary>
            <returns>List of all items in the collection</returns>
        </member>
        <member name="T:AlphaOmega.Flatbed.Mdi.Plugins.HostMdi">
            <summary>Plugin loading control class</summary>
        </member>
        <member name="P:AlphaOmega.Flatbed.Mdi.Plugins.HostMdi.Form">
            <summary>The <see cref="T:AlphaOmega.Flatbed.Mdi.MainForm"/> application instance</summary>
        </member>
        <member name="P:AlphaOmega.Flatbed.Mdi.Plugins.HostMdi.Object">
            <inheritdoc/>
        </member>
        <member name="P:AlphaOmega.Flatbed.Mdi.Plugins.HostMdi.Cache">
            <summary>Caching data from storage</summary>
            <remarks>TODO: When migrating to .NET 4 or higher, change to MemoryCache</remarks>
        </member>
        <member name="P:AlphaOmega.Flatbed.Mdi.Plugins.HostMdi.Kernel">
            <summary>Data access plugin</summary>
        </member>
        <member name="P:AlphaOmega.Flatbed.Mdi.Plugins.HostMdi.KernelPlugin">
            <summary>Current system core plugin</summary>
        </member>
        <member name="P:AlphaOmega.Flatbed.Mdi.Plugins.HostMdi.SAL#Windows#IHostWindows#MainMenu">
            <inheritdoc/>
        </member>
        <member name="P:AlphaOmega.Flatbed.Mdi.Plugins.HostMdi.ToolBar">
            <summary>The SAL host ToolBar implementation</summary>
        </member>
        <member name="P:AlphaOmega.Flatbed.Mdi.Plugins.HostMdi.Windows">
            <summary>The SAL host Windows implementation</summary>
        </member>
        <member name="P:AlphaOmega.Flatbed.Mdi.Plugins.HostMdi.StatusBar">
            <summary>The SAL host StatusBar implementation</summary>
        </member>
        <member name="P:AlphaOmega.Flatbed.Mdi.Plugins.HostMdi.NotifyIcon">
            <summary>The SAL host NotifyIcon implementation</summary>
        </member>
        <member name="M:AlphaOmega.Flatbed.Mdi.Plugins.HostMdi.#ctor(AlphaOmega.Flatbed.Mdi.MainForm)">
            <summary>Creating an Instance of the plugin loading control class</summary>
        </member>
        <member name="M:AlphaOmega.Flatbed.Mdi.Plugins.HostMdi.LoadPlugins(System.String@)">
            <summary>Search and load plugins by a specific path by the user</summary>
            <param name="defaultKernelPlugin">Kernel plugin name which will be used as a default plugin if multiple choice will be found</param>
            <remarks>If default folder is not specified or not found then <see cref="T:Assembly.GetExecutingAssembly().Location"/> will be used instead.</remarks>
        </member>
        <member name="M:AlphaOmega.Flatbed.Mdi.Plugins.HostMdi.UnloadPlugins(SAL.Flatbed.DisconnectMode)">
            <summary>Closing all loaded plugins by calling the method <see cref="M:SAL.Flatbed.IPlugin.OnDisconnection(SAL.Flatbed.DisconnectMode)"/></summary>
            <param name="reason">The reason why all plugins are unloaded</param>
        </member>
        <member name="M:AlphaOmega.Flatbed.Mdi.Plugins.HostMdi.SetSessionValue(System.String,System.Object)">
            <summary>Store object in the current session</summary>
            <param name="name">The object identifier key</param>
            <param name="value">The object to store in current session</param>
        </member>
        <member name="M:AlphaOmega.Flatbed.Mdi.Plugins.HostMdi.GetSessionValue(System.String)">
            <summary>Get object from sessions that was previously stored</summary>
            <param name="name">The object identifier key</param>
            <returns>The object that was stored in current session</returns>
        </member>
        <member name="M:AlphaOmega.Flatbed.Mdi.Plugins.HostMdi.RemoveMenuItemsRecursive(System.Windows.Forms.ToolStripMenuItem,System.Reflection.Assembly)">
            <summary>Recursively removing menu items</summary>
            <param name="menuItem">Menu item for checking and deleting</param>
            <param name="pluginAssembly">The assembly whose menu items need to be removed</param>
        </member>
        <member name="M:AlphaOmega.Flatbed.Mdi.Program.Main">
            <summary>Main application entry point</summary>
        </member>
        <member name="T:AlphaOmega.Flatbed.Mdi.Properties.Resources">
            <summary>
              A strongly-typed resource class, for looking up localized strings, etc.
            </summary>
        </member>
        <member name="P:AlphaOmega.Flatbed.Mdi.Properties.Resources.ResourceManager">
            <summary>
              Returns the cached ResourceManager instance used by this class.
            </summary>
        </member>
        <member name="P:AlphaOmega.Flatbed.Mdi.Properties.Resources.Culture">
            <summary>
              Overrides the current thread's CurrentUICulture property for all
              resource lookups using this strongly typed resource class.
            </summary>
        </member>
        <member name="P:AlphaOmega.Flatbed.Mdi.Properties.Resources.iconDelete">
            <summary>
              Looks up a localized resource of type System.Drawing.Bitmap.
            </summary>
        </member>
        <member name="P:AlphaOmega.Flatbed.Mdi.Properties.Resources.iconFolderOpen">
            <summary>
              Looks up a localized resource of type System.Drawing.Bitmap.
            </summary>
        </member>
        <member name="P:AlphaOmega.Flatbed.Mdi.Properties.Resources.iconRefresh">
            <summary>
              Looks up a localized resource of type System.Drawing.Bitmap.
            </summary>
        </member>
        <member name="P:AlphaOmega.Flatbed.Mdi.Properties.Resources.imageOptions">
            <summary>
              Looks up a localized resource of type System.Drawing.Bitmap.
            </summary>
        </member>
        <member name="P:AlphaOmega.Flatbed.Mdi.Properties.Resources.msgConfirmFolderSelectArg1">
            <summary>
              Looks up a localized string similar to Kernel plugin not found at folder &apos;{0}&apos;. Do you want to select different folder?.
            </summary>
        </member>
        <member name="P:AlphaOmega.Flatbed.Mdi.Properties.Resources.msgErrorPluginKernelNotSpecified">
             <summary>
               Looks up a localized string similar to Kernel plugin is not defined.
            You can&apos;t work without kernel plugin..
             </summary>
        </member>
        <member name="P:AlphaOmega.Flatbed.Mdi.Properties.Resources.msgErrorPluginNotConfigurureArg1">
             <summary>
               Looks up a localized string similar to The plugin is not configured.
            {0}.
             </summary>
        </member>
        <member name="P:AlphaOmega.Flatbed.Mdi.Properties.Resources.PanelEvents">
            <summary>
              Looks up a localized resource of type System.Drawing.Icon similar to (Icon).
            </summary>
        </member>
        <member name="P:AlphaOmega.Flatbed.Mdi.Properties.Resources.PanelOutput">
            <summary>
              Looks up a localized resource of type System.Drawing.Icon similar to (Icon).
            </summary>
        </member>
        <member name="P:AlphaOmega.Flatbed.Mdi.Properties.Resources.strStatusReady">
            <summary>
              Looks up a localized string similar to Ready.
            </summary>
        </member>
        <member name="T:AlphaOmega.Flatbed.Mdi.Properties.Resources_MainForm">
            <summary>
              A strongly-typed resource class, for looking up localized strings, etc.
            </summary>
        </member>
        <member name="P:AlphaOmega.Flatbed.Mdi.Properties.Resources_MainForm.ResourceManager">
            <summary>
              Returns the cached ResourceManager instance used by this class.
            </summary>
        </member>
        <member name="P:AlphaOmega.Flatbed.Mdi.Properties.Resources_MainForm.Culture">
            <summary>
              Overrides the current thread's CurrentUICulture property for all
              resource lookups using this strongly typed resource class.
            </summary>
        </member>
        <member name="P:AlphaOmega.Flatbed.Mdi.Properties.Resources_MainForm.ApplicationName_Text">
            <summary>
              Looks up a localized string similar to TT Manager.
            </summary>
        </member>
        <member name="P:AlphaOmega.Flatbed.Mdi.Properties.Resources_MainForm.menuItemAbout_Text">
            <summary>
              Looks up a localized string similar to About.
            </summary>
        </member>
        <member name="P:AlphaOmega.Flatbed.Mdi.Properties.Resources_MainForm.menuItemClose_Text">
            <summary>
              Looks up a localized string similar to Close.
            </summary>
        </member>
        <member name="P:AlphaOmega.Flatbed.Mdi.Properties.Resources_MainForm.menuItemEdit_Text">
            <summary>
              Looks up a localized string similar to &amp;Edit.
            </summary>
        </member>
        <member name="P:AlphaOmega.Flatbed.Mdi.Properties.Resources_MainForm.menuItemEmail_Text">
            <summary>
              Looks up a localized string similar to E-Mail.
            </summary>
        </member>
        <member name="P:AlphaOmega.Flatbed.Mdi.Properties.Resources_MainForm.menuItemExit_Text">
            <summary>
              Looks up a localized string similar to E&amp;xit.
            </summary>
        </member>
        <member name="P:AlphaOmega.Flatbed.Mdi.Properties.Resources_MainForm.menuItemExportExcel_Text">
            <summary>
              Looks up a localized string similar to Excel.
            </summary>
        </member>
        <member name="P:AlphaOmega.Flatbed.Mdi.Properties.Resources_MainForm.menuItemExportHtml_Text">
            <summary>
              Looks up a localized string similar to HTML.
            </summary>
        </member>
        <member name="P:AlphaOmega.Flatbed.Mdi.Properties.Resources_MainForm.menuItemExportText_Text">
            <summary>
              Looks up a localized string similar to Text.
            </summary>
        </member>
        <member name="P:AlphaOmega.Flatbed.Mdi.Properties.Resources_MainForm.menuItemExportWord_Text">
            <summary>
              Looks up a localized string similar to Word.
            </summary>
        </member>
        <member name="P:AlphaOmega.Flatbed.Mdi.Properties.Resources_MainForm.menuItemFile_Text">
            <summary>
              Looks up a localized string similar to &amp;File.
            </summary>
        </member>
        <member name="P:AlphaOmega.Flatbed.Mdi.Properties.Resources_MainForm.menuItemFiltersExplorer_Text">
            <summary>
              Looks up a localized string similar to Filters Explorer.
            </summary>
        </member>
        <member name="P:AlphaOmega.Flatbed.Mdi.Properties.Resources_MainForm.menuItemHelp_Text">
            <summary>
              Looks up a localized string similar to Help.
            </summary>
        </member>
        <member name="P:AlphaOmega.Flatbed.Mdi.Properties.Resources_MainForm.menuItemMainHelp_Text">
            <summary>
              Looks up a localized string similar to &amp;Help.
            </summary>
        </member>
        <member name="P:AlphaOmega.Flatbed.Mdi.Properties.Resources_MainForm.menuItemMinimize_Text">
            <summary>
              Looks up a localized string similar to Minimize.
            </summary>
        </member>
        <member name="P:AlphaOmega.Flatbed.Mdi.Properties.Resources_MainForm.menuItemNew_Text">
            <summary>
              Looks up a localized string similar to New.
            </summary>
        </member>
        <member name="P:AlphaOmega.Flatbed.Mdi.Properties.Resources_MainForm.menuItemOpen_Text">
            <summary>
              Looks up a localized string similar to Open.
            </summary>
        </member>
        <member name="P:AlphaOmega.Flatbed.Mdi.Properties.Resources_MainForm.menuItemOutput_Text">
            <summary>
              Looks up a localized string similar to Output.
            </summary>
        </member>
        <member name="P:AlphaOmega.Flatbed.Mdi.Properties.Resources_MainForm.menuItemPrint_Text">
            <summary>
              Looks up a localized string similar to Print.
            </summary>
        </member>
        <member name="P:AlphaOmega.Flatbed.Mdi.Properties.Resources_MainForm.menuItemRestore_Text">
            <summary>
              Looks up a localized string similar to Restore.
            </summary>
        </member>
        <member name="P:AlphaOmega.Flatbed.Mdi.Properties.Resources_MainForm.menuItemStandard_Text">
            <summary>
              Looks up a localized string similar to Standard.
            </summary>
        </member>
        <member name="P:AlphaOmega.Flatbed.Mdi.Properties.Resources_MainForm.menuItemTextExportType_Text">
            <summary>
              Looks up a localized string similar to File.
            </summary>
        </member>
        <member name="P:AlphaOmega.Flatbed.Mdi.Properties.Resources_MainForm.menuItemToolbars_Text">
            <summary>
              Looks up a localized string similar to Toolbars.
            </summary>
        </member>
        <member name="P:AlphaOmega.Flatbed.Mdi.Properties.Resources_MainForm.menuItemView_Text">
            <summary>
              Looks up a localized string similar to &amp;View.
            </summary>
        </member>
        <member name="P:AlphaOmega.Flatbed.Mdi.Properties.Resources_MainForm.tsbnNew_Text">
            <summary>
              Looks up a localized string similar to New TT.
            </summary>
        </member>
        <member name="P:AlphaOmega.Flatbed.Mdi.Properties.Resources_MainForm.tsbnOpen_Text">
            <summary>
              Looks up a localized string similar to Open TT.
            </summary>
        </member>
        <member name="P:AlphaOmega.Flatbed.Mdi.Properties.Resources_MainForm.tsbnOptions_Text">
            <summary>
              Looks up a localized string similar to Options.
            </summary>
        </member>
        <member name="P:AlphaOmega.Flatbed.Mdi.Properties.Resources_MainForm.tsbnRefresh_Text">
            <summary>
              Looks up a localized string similar to Refresh.
            </summary>
        </member>
        <member name="P:AlphaOmega.Flatbed.Mdi.Properties.Resources_MainForm.tsbnRemove_Text">
            <summary>
              Looks up a localized string similar to Remove TT.
            </summary>
        </member>
        <member name="P:AlphaOmega.Flatbed.Mdi.Properties.Resources_MainForm.tslblReady_Text">
            <summary>
              Looks up a localized string similar to Ready.
            </summary>
        </member>
        <member name="P:AlphaOmega.Flatbed.Mdi.Properties.Resources_MainForm.tspbExport_Text">
            <summary>
              Looks up a localized string similar to Export.
            </summary>
        </member>
        <member name="T:AlphaOmega.Flatbed.Mdi.Properties.Resources_OutputPanel">
            <summary>
              A strongly-typed resource class, for looking up localized strings, etc.
            </summary>
        </member>
        <member name="P:AlphaOmega.Flatbed.Mdi.Properties.Resources_OutputPanel.ResourceManager">
            <summary>
              Returns the cached ResourceManager instance used by this class.
            </summary>
        </member>
        <member name="P:AlphaOmega.Flatbed.Mdi.Properties.Resources_OutputPanel.Culture">
            <summary>
              Overrides the current thread's CurrentUICulture property for all
              resource lookups using this strongly typed resource class.
            </summary>
        </member>
        <member name="P:AlphaOmega.Flatbed.Mdi.Properties.Resources_OutputPanel.cbOutputType_Application_Text">
            <summary>
              Looks up a localized string similar to Application.
            </summary>
        </member>
        <member name="P:AlphaOmega.Flatbed.Mdi.Properties.Resources_OutputPanel.cbOutputType_Updates_Text">
            <summary>
              Looks up a localized string similar to Updates.
            </summary>
        </member>
        <member name="P:AlphaOmega.Flatbed.Mdi.Properties.Resources_OutputPanel.lblShowOutput_Text">
            <summary>
              Looks up a localized string similar to Show output from:.
            </summary>
        </member>
        <member name="P:AlphaOmega.Flatbed.Mdi.Properties.Resources_OutputPanel.Panel_Text">
            <summary>
              Looks up a localized string similar to Output.
            </summary>
        </member>
        <member name="P:AlphaOmega.Flatbed.Mdi.Properties.Resources_OutputPanel.tsbnClearAll_Text">
            <summary>
              Looks up a localized string similar to Clear All.
            </summary>
        </member>
        <member name="P:AlphaOmega.Flatbed.Mdi.Properties.Settings.Plugin_Authentication_Enable">
            <summary>
            Use Windows authentication to access data via data plugin
            </summary>
        </member>
        <member name="P:AlphaOmega.Flatbed.Mdi.Properties.Settings.Plugin_Authentication_User">
            <summary>
            User login to access data via data plugin
            </summary>
        </member>
        <member name="P:AlphaOmega.Flatbed.Mdi.Properties.Settings.Plugin_Authentication_Password">
            <summary>
            Users password to access data via data plugin
            </summary>
        </member>
        <member name="P:AlphaOmega.Flatbed.Mdi.Properties.Settings.Plugin_DefaultKernel">
            <summary>
            Default kernel plugin
            </summary>
        </member>
        <member name="T:AlphaOmega.Flatbed.Mdi.ToolBar">
            <summary>SAL host MDI ToolBar implementation</summary>
        </member>
        <member name="P:AlphaOmega.Flatbed.Mdi.ToolBar.SAL#Flatbed#IHostItem#Object">
            <inheritdoc/>
        </member>
        <member name="P:AlphaOmega.Flatbed.Mdi.ToolBar.SAL#Windows#IToolBar#Name">
            <inheritdoc/>
        </member>
        <member name="P:AlphaOmega.Flatbed.Mdi.ToolBar.SAL#Windows#IToolBar#Text">
            <inheritdoc/>
        </member>
        <member name="P:AlphaOmega.Flatbed.Mdi.ToolBar.Items">
            <inheritdoc/>
        </member>
        <member name="T:AlphaOmega.Flatbed.Mdi.ToolBarCollection">
            <summary>The toolbar collection</summary>
        </member>
        <member name="M:AlphaOmega.Flatbed.Mdi.ToolBarCollection.GetEnumerator">
            <summary>Gets list of all toolBar items from the collection</summary>
            <returns>List of all toolBar items from the collection</returns>
        </member>
        <member name="T:AlphaOmega.Flatbed.Mdi.ToolBarContainer">
            <summary>The tool bar container implementation for System.Windows.Forms.ToolStripContainer</summary>
        </member>
        <member name="P:AlphaOmega.Flatbed.Mdi.ToolBarContainer.Items">
            <inheritdoc/>
        </member>
        <member name="M:AlphaOmega.Flatbed.Mdi.ToolBarContainer.Create(System.String)">
            <summary>Create tool bar isntance</summary>
            <param name="text">The text for tool bar instance</param>
            <returns>Created tool bar instance</returns>
        </member>
        <member name="T:AlphaOmega.Flatbed.Mdi.ToolBarItem">
            <summary>The tool Bar item implementation based on ToolStripItem</summary>
        </member>
        <member name="E:AlphaOmega.Flatbed.Mdi.ToolBarItem.Click">
            <inheritdoc/>
        </member>
        <member name="T:AlphaOmega.Flatbed.Mdi.ToolBarItemCollection">
            <summary>The implementation of System.Windows.Forms.ToolStripItemCollection</summary>
        </member>
        <member name="T:AlphaOmega.Flatbed.Mdi.WindowControl">
            <summary>The base control window for all plugins controls.</summary>
        </member>
        <member name="P:AlphaOmega.Flatbed.Mdi.WindowControl.Plugin">
            <summary>The instance of the plugin that owns the control</summary>
        </member>
        <member name="P:AlphaOmega.Flatbed.Mdi.WindowControl.Control">
            <summary>The base control that is wrapped in current implementation.</summary>
        </member>
        <member name="P:AlphaOmega.Flatbed.Mdi.WindowControl.SAL#Windows#IWindow#Caption">
            <summary>Window title</summary>
        </member>
        <member name="E:AlphaOmega.Flatbed.Mdi.WindowControl.Shown">
            <summary>Window show event</summary>
        </member>
        <member name="E:AlphaOmega.Flatbed.Mdi.WindowControl.Closing">
            <summary>Event before window closes</summary>
        </member>
        <member name="E:AlphaOmega.Flatbed.Mdi.WindowControl.Closed">
            <summary>Event after window close</summary>
        </member>
        <member name="M:AlphaOmega.Flatbed.Mdi.WindowControl.#ctor(SAL.Flatbed.IHost,SAL.Flatbed.IPlugin,System.Windows.Forms.UserControl,SAL.Windows.DockState)">
            <summary>Initializes a new instance of the <see cref="T:AlphaOmega.Flatbed.Mdi.WindowControl"/> class.</summary>
            <param name="container">The windows container that is used as reference storage.</param>
            <param name="plugin">The plugin instance that owns base control instance.</param>
            <param name="control">The control instance.</param>
            <param name="showHint">The base window location.</param>
            <exception cref="T:System.ArgumentNullException">The required arguments are null.</exception>
        </member>
        <member name="M:AlphaOmega.Flatbed.Mdi.WindowControl.SAL#Windows#IWindow#SetTabPicture(System.Object)">
            <summary>Set an icon to the window title</summary>
            <param name="icon">Icon <see cref="T:System.Drawing.Icon"/> for installation</param>
        </member>
        <member name="M:AlphaOmega.Flatbed.Mdi.WindowControl.SAL#Windows#IWindow#SetDockAreas(SAL.Windows.DockAreas)">
            <summary>Set available positions where window can be attached</summary>
            <param name="dockAreas">The available position where window can be attached</param>
        </member>
        <member name="M:AlphaOmega.Flatbed.Mdi.WindowControl.SAL#Windows#IWindow#AddEventHandler(System.String,System.EventHandler{SAL.Flatbed.DataEventArgs})">
            <summary>Add event handler to public window event</summary>
            <param name="eventName">Public window event name</param>
            <param name="handler">Delegate that will be attached to the event</param>
        </member>
        <member name="M:AlphaOmega.Flatbed.Mdi.WindowControl.SAL#Windows#IWindow#RemoveEventHandler(System.String,System.EventHandler{SAL.Flatbed.DataEventArgs})">
            <summary>Remove event handler from public window event</summary>
            <param name="eventName">The public window event name</param>
            <param name="handler">Delegate that was attached to event</param>
        </member>
        <member name="M:AlphaOmega.Flatbed.Mdi.WindowControl.OnCreateControl">
            <inheritdoc/>
        </member>
        <member name="M:AlphaOmega.Flatbed.Mdi.WindowControl.GetPersistString">
            <summary>Gets unique string for current window to restore it on next application startup.</summary>
        </member>
        <member name="M:AlphaOmega.Flatbed.Mdi.WindowControl.OnShown(System.EventArgs)">
            <inheritdoc/>
        </member>
        <member name="M:AlphaOmega.Flatbed.Mdi.WindowControl.OnClosing(System.ComponentModel.CancelEventArgs)">
            <inheritdoc/>
        </member>
        <member name="M:AlphaOmega.Flatbed.Mdi.WindowControl.OnClosed(System.EventArgs)">
            <inheritdoc/>
        </member>
        <member name="M:AlphaOmega.Flatbed.Mdi.WindowsContainer.SAL#Windows#IWindows#CreateWindow(System.String,System.String,System.Boolean,System.Object)">
            <inheritdoc/>
        </member>
        <member name="M:AlphaOmega.Flatbed.Mdi.WindowsContainer.SAL#Windows#IWindows#CreateWindow(SAL.Flatbed.IPlugin,System.String,System.Boolean,SAL.Windows.DockState,System.Object)">
            <inheritdoc/>
            <exception cref="T:System.ArgumentNullException"><c>plugin</c> and <c>formType</c> are required for window creating</exception>
            <exception cref="T:System.NotSupportedException">Windows arguments are specified for the form but the form is not accepted arguments.</exception>
        </member>
        <member name="M:AlphaOmega.Flatbed.Mdi.WindowsContainer.SearchPluginForm(System.String,System.Object)">
            <summary>Search form by plugin type</summary>
            <param name="formType">The form type</param>
            <param name="args">The form arguments passed to the form</param>
            <returns>Created window that will be shown to user</returns>
        </member>
        <member name="M:AlphaOmega.Flatbed.Mdi.WindowsContainer.ShowPluginForm(System.String,System.String,System.Object)">
            <summary>Show form from plugin instance to user</summary>
            <param name="pluginId">Plugin id where form is located</param>
            <param name="formType">Type of a form to open in plugin</param>
            <param name="args">Arguments passed to new opened form</param>
            <returns>
            Plugin found
            Form opened
            Arguments parsed in the form if form inherits interface <see cref="T:SAL.Flatbed.IPluginSettings"/>
            </returns>
        </member>
        <member name="T:AlphaOmega.Bll.BllBase`2">
            <summary>Base class responsible for getting data from typed DataSet'ов</summary>
            <remarks>
            15.06.2011 - Added monitoring of file changes on the hard disk
            </remarks>
            <typeparam name="T">Used typed DataSet</typeparam>
            <typeparam name="U">Used typed row from typed DataSet'е with a type <see cref="!:T"/></typeparam>
        </member>
        <member name="F:AlphaOmega.Bll.BllBase`2._watcher">
            <summary>Disk File Change Monitor</summary>
        </member>
        <member name="P:AlphaOmega.Bll.BllBase`2.ConfigFileName">
            <summary>Path to the application configuration file</summary>
        </member>
        <member name="P:AlphaOmega.Bll.BllBase`2.DataSet">
            <summary>Loaded DataSet with application settings</summary>
        </member>
        <member name="P:AlphaOmega.Bll.BllBase`2.IsRowExists">
            <summary>Check for the existsnce of at least one row</summary>
        </member>
        <member name="P:AlphaOmega.Bll.BllBase`2.Table">
            <summary>Business logic table</summary>
        </member>
        <member name="P:AlphaOmega.Bll.BllBase`2.Row">
            <summary>Forst row from table</summary>
        </member>
        <member name="P:AlphaOmega.Bll.BllBase`2.Item(System.Int32)">
            <summary>Get row from current table</summary>
            <param name="index">Row index</param>
            <returns>Row from table by index or null</returns>
        </member>
        <member name="P:AlphaOmega.Bll.BllBase`2.TableId">
            <summary>Table identifier from the DataSet</summary>
        </member>
        <member name="E:AlphaOmega.Bll.BllBase`2.SaveCompeted">
            <summary>Event on completion of data saving</summary>
        </member>
        <member name="M:AlphaOmega.Bll.BllBase`2.#ctor(System.Int32)">
            <summary>Creating an instance of the basic business logic class with loading the contents of the DataSet</summary>
            <remarks>In case of an error reading the settings file, the data is not loaded, no exception is thrown</remarks>
            <param name="tableId">Table identifier</param>
        </member>
        <member name="M:AlphaOmega.Bll.BllBase`2.#ctor(System.String,System.Int32)">
            <summary>Creating an instance of the base business logic class using the loaded DataSet</summary>
            <param name="configFileName">The name of the file from which to load the DataSet</param>
            <param name="tableId">Table identifier that marked as primary in current DataSet</param>
        </member>
        <member name="M:AlphaOmega.Bll.BllBase`2.#ctor(System.String,System.Int32,`0)">
            <summary>Creating an instance of the base business logic class using the DataSet loaded in memory</summary>
            <param name="configFileName">The name of a file from which to load a DataSet</param>
            <param name="tableId">Table identifier from dataset</param>
            <param name="dataSet">Object with data</param>
        </member>
        <member name="M:AlphaOmega.Bll.BllBase`2.Load(System.Boolean)">
            <summary>Loading parameters from a configuration file</summary>
        </member>
        <member name="M:AlphaOmega.Bll.BllBase`2.Save">
            <summary>Saving DataSet to disk</summary>
        </member>
        <member name="M:AlphaOmega.Bll.BllBase`2.SaveAsync">
            <summary>Save DataSync to disk asynchronous</summary>
        </member>
        <member name="M:AlphaOmega.Bll.BllBase`2.SaveAsync(System.Object)">
            <summary>Save data in tables asynchronous</summary>
            <param name="state">Current Business Logic Layer</param>
        </member>
        <member name="M:AlphaOmega.Bll.BllBase`2.Clear">
            <summary>Remove data from all tables in the <see cref="T:System.Data.DataSet"/></summary>
        </member>
        <member name="M:AlphaOmega.Bll.BllBase`2.ClearTable">
            <summary>Clear current table</summary>
        </member>
        <member name="M:AlphaOmega.Bll.BllBase`2.Delete">
            <summary>Physically remove file from file system</summary>
        </member>
        <member name="M:AlphaOmega.Bll.BllBase`2.OnSaveAsyncException(System.Exception)">
            <summary> When an exception occurs when saving a file asynchronously</summary>
            <param name="exc">Exception</param>
        </member>
        <member name="M:AlphaOmega.Bll.BllBase`2.GetConfigFilePath">
            <summary>Get the path to XML file</summary>
            <returns>path to XML file</returns>
        </member>
        <member name="M:AlphaOmega.Bll.BllBase`2.Dispose">
            <summary>Clear the memory occupied by this object</summary>
        </member>
        <member name="M:AlphaOmega.Bll.BllBase`2.Dispose(System.Boolean)">
            <summary>Clear the memory occupied by this object and eliminate all unmanaged code</summary>
            <param name="isManaged">Dispose managed code</param>
        </member>
        <member name="T:AlphaOmega.Windows.Forms.ContextMenuStripCopy">
            <summary>Context menu strip with Copy to clipboard menu item</summary>
        </member>
        <member name="M:AlphaOmega.Windows.Forms.ContextMenuStripCopy.#ctor">
            <summary>Create instance of <see cref="T:AlphaOmega.Windows.Forms.ContextMenuStripCopy"/> with all context menu items and event handlers</summary>
        </member>
        <member name="M:AlphaOmega.Windows.Forms.ContextMenuStripCopy.CopyListViewItems(System.Windows.Forms.ListView,System.Nullable{System.Int32})">
            <summary>Copy list element to clipboard</summary>
            <param name="lv">Source list</param>
            <param name="columnIndex">Column index or null, to copy all row items to clipboard</param>
        </member>
        <member name="T:SAL.Flatbed.Configuration">
            <summary>Basic host settings</summary>
        </member>
        <member name="F:SAL.Flatbed.Configuration.AssemblyFileName">
            <summary>Application settings folder</summary>
        </member>
        <member name="F:SAL.Flatbed.Configuration._company">
            <summary>The company name is the root settings folder</summary>
        </member>
        <member name="F:SAL.Flatbed.Configuration._kernelName">
            <summary>The kernel name is a child folder of the company</summary>
        </member>
        <member name="P:SAL.Flatbed.Configuration.BaseDirectory">
            <summary>Default working folder</summary>
            <remarks>DKorablin (21.09.2018): Environment.CurrentDirectory - Removed search for plugins from the current folder, because when launched through system utilities, current folder goes to %WINDIR%\System32 (runas, autorun)</remarks>
        </member>
        <member name="P:SAL.Flatbed.Configuration.Plugin.SettingsPath">
            <summary>Folder to save application settings</summary>
        </member>
        <member name="M:SAL.Flatbed.Configuration.Plugin.SetKernelForSettings(SAL.Flatbed.IPluginDescription)">
            <summary>Set plugin to mark root settings folder</summary>
            <param name="kernel">Kernel plugin that will be used as root for application settings</param>
        </member>
        <member name="T:SAL.Flatbed.FilePluginProvider">
            <summary>A provider that provides search for plugins in the file system</summary>
        </member>
        <member name="F:SAL.Flatbed.FilePluginProvider._pluginPath">
            <summary>The folder from which the plugins were loaded</summary>
        </member>
        <member name="F:SAL.Flatbed.FilePluginProvider._failedAssembliesCache">
            <summary>Cache for failed assemblies. To speedup load time</summary>
        </member>
        <member name="P:SAL.Flatbed.FilePluginProvider.Host">
            <summary>Host running application</summary>
        </member>
        <member name="P:SAL.Flatbed.FilePluginProvider.SAL#Flatbed#IPluginProvider#ParentProvider">
            <summary>Parent plugin provider that loads current plugin provider</summary>
        </member>
        <member name="M:SAL.Flatbed.FilePluginProvider.#ctor(SAL.Flatbed.IHost)">
            <summary>Creating a plugin provider by searching for new plugins in the current directory from which the application is launched</summary>
            <param name="host">Host control interface from current application</param>
        </member>
        <member name="M:SAL.Flatbed.FilePluginProvider.#ctor(SAL.Flatbed.IHost,System.String)">
            <summary>Creating a plugin provider with a pluginPath where plugins are located</summary>
            <param name="host">Host control interface from current application</param>
            <param name="pluginPath">The path to the folder in which to search for plugins</param>
        </member>
        <member name="M:SAL.Flatbed.FilePluginProvider.SAL#Flatbed#IPluginProvider#ResolveAssembly(System.String)">
            <summary>Resolve assembly referenced by plugin</summary>
            <param name="assemblyName">The name of the required assembly</param>
            <returns>Found assembly or null</returns>
        </member>
        <member name="T:SAL.Flatbed.ObjectPropertiesUtils">
            <summary>Various utilities</summary>
        </member>
        <member name="M:SAL.Flatbed.ObjectPropertiesUtils.SerializeToString(System.Object)">
            <summary>Serialize object to string</summary>
            <param name="obj">Object to serialize</param>
            <returns>Serialized object represented as Base64</returns>
        </member>
        <member name="M:SAL.Flatbed.ObjectPropertiesUtils.DeserializeFromString(System.String)">
            <summary>Convert string from Base64 to object</summary>
            <param name="str">String in Base64 format to convert to object</param>
            <returns>Deserialized object from Base64 string</returns>
        </member>
        <member name="M:SAL.Flatbed.ObjectPropertiesUtils.SerializeObject(System.Object)">
            <summary>Serialize object to byte array</summary>
            <remarks>CopyPaste from <c>Plugin.SqlSettingsProvider.Utils</c></remarks>
            <param name="obj">Object for serialization</param>
            <returns>Serialized object represented as a byte array</returns>
        </member>
        <member name="M:SAL.Flatbed.ObjectPropertiesUtils.DeserializeObject(System.Byte[])">
            <summary>Deserialize byte array to object</summary>
            <remarks>CopyPaste from <c>Plugin.SqlSettingsProvider.Utils</c></remarks>
            <param name="bytes">Byte array to convert to object</param>
            <returns>Deserialized object from byte array</returns>
        </member>
        <member name="M:SAL.Flatbed.ObjectPropertiesUtils.GetPublicProperties(System.Object)">
            <summary>Get public properties from the object</summary>
            <remarks>Only properties of the current level can be retrieved, not child properties</remarks>
            <param name="item">The object of the value of the public properties of which you want to get</param>
            <returns>Array of keys and values</returns>
        </member>
        <member name="M:SAL.Flatbed.ObjectPropertiesUtils.SetProperties(System.Object,System.Collections.Generic.IEnumerable{System.Collections.Generic.KeyValuePair{System.String,System.Object}})">
            <summary>Set public properties of an object from an array of keys and values</summary>
            <param name="target">Object in which to set values</param>
            <param name="values">Array of values</param>
        </member>
        <member name="M:SAL.Flatbed.ObjectPropertiesUtils.ParsePersistString(System.String)">
            <summary>Parse the string representation of the parameters into a key/value array</summary>
            <param name="persistString">String representation of parameters</param>
            <returns>Stream of parsed keys and values</returns>
        </member>
        <member name="M:SAL.Flatbed.ObjectPropertiesUtils.CompareValues(System.Object,System.Object)">
            <summary>Comparison of 2 objects of indefinite type (Assuming that their types are identical and the keys are similar)</summary>
            <param name="value1">First object to compare</param>
            <param name="value2">Second object to compare</param>
            <returns>Objects are equal</returns>
        </member>
        <member name="T:SAL.Flatbed.ObjectPropertiesUtils2">
            <summary>Various utils</summary>
        </member>
        <member name="M:SAL.Flatbed.ObjectPropertiesUtils2.CopyProperties(System.Object,System.Object)">
            <summary>Copy properties from one type to another</summary>
            <remarks>
            Primary idea is to create arguments for window arguments.
            Not intended to create copy of an object
            </remarks>
            <param name="source">Source object with values</param>
            <param name="target">Target object whose values has to be filled</param>
        </member>
        <member name="M:SAL.Flatbed.ObjectPropertiesUtils2.ParsePersistString(System.String)">
            <summary>Parse the string representation of the parameters into a key/value array</summary>
            <param name="persistString">String representation of parameters</param>
            <returns>Stream of parsed keys and values</returns>
        </member>
        <member name="M:SAL.Flatbed.ObjectPropertiesUtils2.SerializeToString(System.Object)">
            <summary>Serialize object to string</summary>
            <param name="obj">Object to serialize</param>
            <returns>Serialized object represented as Base64</returns>
        </member>
        <member name="M:SAL.Flatbed.ObjectPropertiesUtils2.DeserializeFromString(System.String)">
            <summary>Convert string from Base64 to object</summary>
            <param name="str">String in Base64 format to convert to object</param>
            <returns>Deserialized object from Base64 string</returns>
        </member>
        <member name="M:SAL.Flatbed.ObjectPropertiesUtils2.SerializeObject(System.Object)">
            <summary>Serialize object to byte array</summary>
            <remarks>CopyPaste from <c>Plugin.SqlSettingsProvider.Utils</c></remarks>
            <param name="obj">Object for serialization</param>
            <returns>Serialized object represented as a byte array</returns>
        </member>
        <member name="M:SAL.Flatbed.ObjectPropertiesUtils2.DeserializeObject(System.Byte[])">
            <summary>Deserialize byte array to object</summary>
            <remarks>CopyPaste from <c>Plugin.SqlSettingsProvider.Utils</c></remarks>
            <param name="bytes">Byte array to convert to object</param>
            <returns>Deserialized object from byte array</returns>
        </member>
        <member name="M:SAL.Flatbed.XmlSettingsPlugin.SAL#Flatbed#IPlugin#OnConnection(SAL.Flatbed.ConnectMode)">
            <summary>Method is called after connected to host</summary>
            <param name="mode">How plugin is connected</param>
            <returns>Plugin connection result</returns>
        </member>
        <member name="M:SAL.Flatbed.XmlSettingsPlugin.SAL#Flatbed#IPlugin#OnDisconnection(SAL.Flatbed.DisconnectMode)">
            <summary>Method is called by host before plugin is disconnected</summary>
            <param name="mode">How plugin is disconnected</param>
            <returns>Plugin disconnection result</returns>
        </member>
        <member name="T:SAL.Flatbed.XmlSettings">
            <summary>Plugin settings provider</summary>
        </member>
        <member name="M:SAL.Flatbed.XmlSettings.BinarySaver.Deserialize(System.Byte[])">
            <summary>Deserialize an array of bytes</summary>
            <param name="settings">serialized object</param>
            <returns></returns>
        </member>
        <member name="M:SAL.Flatbed.XmlSettings.BinarySaver.Serialize(System.Object)">
            <summary>Serialize object to byte array</summary>
            <param name="settings">Object to serialize</param>
            <returns>Serialization result</returns>
        </member>
        <member name="P:SAL.Flatbed.XmlSettings.SettingsFolder">
            <summary>Folder where files are stored</summary>
            <remarks>Tied to multiple solutions. Do not change.</remarks>
        </member>
        <member name="P:SAL.Flatbed.XmlSettings.ParentProvider">
            <summary>Parent provider to store settings</summary>
        </member>
        <member name="P:SAL.Flatbed.XmlSettings.Item(System.Int32)">
            <summary>Get plugin description row by plugin identifier</summary>
            <param name="ID">Plugin identifier</param>
            <returns>Plugin description row or null</returns>
        </member>
        <member name="P:SAL.Flatbed.XmlSettings.Item(SAL.Flatbed.IPluginDescription)">
            <summary>Get a row that defines the assembly of the plugin</summary>
            <param name="plugin">Plugin description interface which we need to find</param>
            <returns>Row with data that belongs to plugin</returns>
        </member>
        <member name="P:SAL.Flatbed.XmlSettings.Assemblies">
            <summary>Get a list of all assemblies that have saved their settings</summary>
        </member>
        <member name="P:SAL.Flatbed.XmlSettings.ConfigFileName">
            <summary>path to XML settings file</summary>
        </member>
        <member name="M:SAL.Flatbed.XmlSettings.#ctor(SAL.Flatbed.XmlSettingsPlugin)">
            <summary>Creating an instance of a settings provider in an XML File</summary>
            <param name="plugin">XML settings plugin instance</param>
        </member>
        <member name="M:SAL.Flatbed.XmlSettings.GetPluginBlobFolder(SAL.Flatbed.IPluginDescription)">
            <summary>Get folder to save large plugin objects</summary>
            <param name="plugin">Plugin interface, the parameter by which to get</param>
            <returns>Folder for storing large plugin objects</returns>
        </member>
        <member name="M:SAL.Flatbed.XmlSettings.OnSaveAsyncException(System.Exception)">
            <summary>Exception on asynchronous exception</summary>
            <param name="exc">Exception</param>
        </member>
        <member name="M:SAL.Flatbed.XmlSettings.LoadAssemblyParameter(SAL.Flatbed.IPluginDescription,System.String)">
            <summary>Get parameter value from settings</summary>
            <param name="plugin">Plugin interface whose parameter value is to be obtained</param>
            <param name="key">The key by which to get the value</param>
            <returns>Value stored in storage or null</returns>
            <exception cref="T:System.ArgumentNullException">plugin is null</exception>
            <exception cref="T:System.ArgumentNullException">key is null or empty</exception>
        </member>
        <member name="M:SAL.Flatbed.XmlSettings.LoadAssemblyParameterI(AlphaOmega.Flatbed.Mdi.Bll.AssemblyDataSet.AssemblyRow,System.String)">
            <summary>Get parameter from plugin settings</summary>
            <param name="asm">A row characterizing the plugin</param>
            <param name="key">The key of the value by which to get the value</param>
            <returns>Value stored in storage or null</returns>
        </member>
        <member name="M:SAL.Flatbed.XmlSettings.GetAssemblyParametersI(SAL.Flatbed.IPluginDescription)">
            <summary>Getting a list of plugin parameters without additional checks and downloads</summary>
            <param name="plugin">Plugin for which you need to load all parameters</param>
            <returns>List of plugin settings values</returns>
        </member>
        <member name="M:SAL.Flatbed.XmlSettings.LoadAssemblyBlob(SAL.Flatbed.IPluginDescription,System.String)">
            <summary>Get a large value from storage</summary>
            <param name="plugin">Plugin interface where value is belongs</param>
            <param name="key">Key for the value to load from storage</param>
            <returns>Large object value found by key or null</returns>
            <exception cref="T:System.ArgumentNullException">plugin is null</exception>
            <exception cref="T:System.ArgumentNullException">key is null or empty</exception>
        </member>
        <member name="M:SAL.Flatbed.XmlSettings.LoadAssemblyParameters``1(SAL.Flatbed.IPluginDescription,``0)">
            <summary>Fill settings object with parameters for specified plugin</summary>
            <param name="plugin">Plugin that hosts settings object</param>
            <param name="settings">Settings object that is used as container for the settings</param>
            <typeparam name="T">Settings type</typeparam>
            <exception cref="T:System.ArgumentNullException">plugin is null</exception>
            <exception cref="T:System.ArgumentNullException">settings is null</exception>
        </member>
        <member name="M:SAL.Flatbed.XmlSettings.LoadAssemblyParameters(SAL.Flatbed.IPluginDescription)">
            <summary>Get list of all settings values from the storage</summary>
            <param name="plugin">Plugin interface whose keys and parameter values need to be obtained</param>
            <returns>All array of parameter values that belongs to current plugin</returns>
            <exception cref="T:System.ArgumentNullException">plugin is null</exception>
        </member>
        <member name="M:SAL.Flatbed.XmlSettings.GetAssemblyParameter(System.Int32,System.String)">
            <summary>Get parameter from settings for plugin by build id</summary>
            <param name="assemblyId">Assembly identifier from table <see cref="T:System.Reflection.Assembly"/></param>
            <param name="key">Value key which is used to get value</param>
            <returns>Key value pair by key and assembly Id</returns>
        </member>
        <member name="M:SAL.Flatbed.XmlSettings.GetAssemblyParameters(System.Int32)">
            <summary>Get a list of all parameters by plugin identifier</summary>
            <param name="assemblyID">Assembly identifier of the parameters for which you need to get</param>
            <returns>Rows with assembly parameters</returns>
        </member>
        <member name="M:SAL.Flatbed.XmlSettings.SaveAssemblyParameters(SAL.Flatbed.IPluginDescription)">
            <summary>Store assembly parameters in storage</summary>
            <param name="plugin">Plugin which values we need to store in the storage</param>
            <exception cref="T:System.ArgumentNullException"><c>plugin</c> is <c>null</c></exception>
            <exception cref="T:System.ArgumentException"><c>plugin</c> does not inherits <c>ICustomizable</c></exception>
            <exception cref="T:System.ArgumentNullException"><c>((ICustomizable)plugin).Settings</c> is null</exception>
        </member>
        <member name="M:SAL.Flatbed.XmlSettings.SaveAssemblyParameter(SAL.Flatbed.IPluginDescription,System.String,System.Object)">
            <summary>Store assembly parameter in storage by plugin interface and parameter key</summary>
            <remarks>While saving <see cref="T:System.Enum"/> values they converted to simle type</remarks>
            <param name="plugin">Plugin description that parameter belongs</param>
            <param name="key">Parameter key</param>
            <param name="value">Value</param>
            <exception cref="T:System.ArgumentNullException"><c>plugin</c> is null</exception>
            <exception cref="T:System.ArgumentNullException"><c>key</c> is null or empty string</exception>
        </member>
        <member name="M:SAL.Flatbed.XmlSettings.SaveAssemblyParameter(AlphaOmega.Flatbed.Mdi.Bll.AssemblyDataSet.AssemblyRow,System.String,System.Object,System.Boolean)">
            <summary>Save assembly parameter in storage by assembly row and parameter key</summary>
            <param name="asm">Row in the XML table that previously store current parameter value</param>
            <param name="key">Parameter key</param>
            <param name="value">Parameter value</param>
            <param name="save">Store storage on the disk after parameter modified or added</param>
        </member>
        <member name="M:SAL.Flatbed.XmlSettings.SaveAssemblyBlob(SAL.Flatbed.IPluginDescription,System.String,System.IO.Stream)">
            <summary>Store large parameter value in the storage by plugin interface</summary>
            <param name="plugin">Plugin interface to which property value is belongs</param>
            <param name="key">Property identity key</param>
            <param name="value">Value of the large object</param>
            <exception cref="T:System.ArgumentNullException">plugin is null</exception>
            <exception cref="T:System.ArgumentNullException">key is null or empty</exception>
            <exception cref="T:System.ArgumentNullException">value is null or empty</exception>
        </member>
        <member name="M:SAL.Flatbed.XmlSettings.RemoveAssemblyParameter(SAL.Flatbed.IPluginDescription)">
            <summary>Remove all assembly parameters from storage</summary>
            <param name="plugin">Plugin interface for which parameters need to be removed</param>
            <exception cref="T:System.ArgumentNullException">plugin is null</exception>
        </member>
        <member name="M:SAL.Flatbed.XmlSettings.RemoveAssemblyParameter(SAL.Flatbed.IPluginDescription,System.String)">
            <summary>Remove assembly parameter from plugin settings storage</summary>
            <param name="plugin">Plugin interface to which parameter belongs and need to be removed</param>
            <param name="key">Parameter key to delete</param>
            <returns>Parameter removed successfully</returns>
            <exception cref="T:System.ArgumentNullException">plugin is null</exception>
            <exception cref="T:System.ArgumentNullException">key is null or empty</exception>
        </member>
        <member name="M:SAL.Flatbed.XmlSettings.RemoveAssemblyBlob(SAL.Flatbed.IPluginDescription,System.String)">
            <summary>Delete a large object from storage using the plugin interface</summary>
            <param name="plugin">Plugin interface, the parameter to delete</param>
            <param name="key">LOB key to delete</param>
            <returns>Deleting a large object was successful</returns>
            <exception cref="T:System.ArgumentNullException">plugin is null</exception>
            <exception cref="T:System.ArgumentNullException">key is null or empty</exception>
        </member>
        <member name="M:SAL.Flatbed.XmlSettings.CanSaveProperty(System.Reflection.PropertyInfo)">
            <summary>Checking if a property can be stored in the settings provider</summary>
            <param name="property">Property information</param>
            <returns>Property can be saved in storage</returns>
        </member>
    </members>
</doc>
