<?xml version="1.0"?>
<doc>
    <assembly>
        <name>Flatbed.WorkerService</name>
    </assembly>
    <members>
        <member name="P:AlphaOmega.Flatbed.WorkerService.ApplicationArgs.Install">
            <summary>Install application as a service</summary>
        </member>
        <member name="P:AlphaOmega.Flatbed.WorkerService.ApplicationArgs.Uninstall">
            <summary>Remove previous installed service</summary>
        </member>
        <member name="P:AlphaOmega.Flatbed.WorkerService.ApplicationArgs.Help">
            <summary>Show service help screen</summary>
        </member>
        <member name="P:AlphaOmega.Flatbed.WorkerService.ApplicationArgs.Debug">
            <summary>Start service as console application for debug purpose</summary>
        </member>
        <member name="P:AlphaOmega.Flatbed.WorkerService.ApplicationArgs.Arguments">
            <summary>Additional arguments that will be attached to service path on install</summary>
        </member>
        <member name="P:AlphaOmega.Flatbed.WorkerService.ApplicationArgs.AccessRights">
            <summary>The access to the service</summary>
        </member>
        <member name="P:AlphaOmega.Flatbed.WorkerService.ApplicationArgs.ErrorControl">
            <summary>The severity of the error, and action taken, if this service fails to start</summary>
        </member>
        <member name="M:AlphaOmega.Flatbed.WorkerService.ApplicationArgs.InstallService">
            <summary>Install service method</summary>
        </member>
        <member name="M:AlphaOmega.Flatbed.WorkerService.ApplicationArgs.UninstallService">
            <summary>Uninstall service method</summary>
        </member>
        <member name="T:AlphaOmega.Flatbed.WorkerService.ReturnType">
            <summary>Application execution result</summary>
        </member>
        <member name="F:AlphaOmega.Flatbed.WorkerService.ReturnType.Success">
            <summary>Execution succesfully</summary>
        </member>
        <member name="F:AlphaOmega.Flatbed.WorkerService.ReturnType.Exception">
            <summary>Exception</summary>
        </member>
        <member name="F:AlphaOmega.Flatbed.WorkerService.ReturnType.InsufficientParameters">
            <summary>Insufficent parameters</summary>
        </member>
        <member name="F:AlphaOmega.Flatbed.WorkerService.ReturnType.InvalidServiceCommand">
            <summary>Unrecognized command to manipulate the service</summary>
        </member>
        <member name="F:AlphaOmega.Flatbed.WorkerService.ReturnType.ServiceFailure">
            <summary>Error installing or removing service</summary>
        </member>
        <member name="F:AlphaOmega.Flatbed.WorkerService.Constant.Service.Name">
            <summary>Default service name if none specified</summary>
        </member>
        <member name="F:AlphaOmega.Flatbed.WorkerService.Constant.Service.DisplayName">
            <summary>Service description in the service list</summary>
        </member>
        <member name="T:AlphaOmega.Flatbed.WorkerService.ServiceInstaller">
            <summary>Win32 Service installer class</summary>
        </member>
        <member name="T:AlphaOmega.Flatbed.WorkerService.ServiceInstaller.AccessRights">
            <summary>The access to the service.</summary>
        </member>
        <member name="F:AlphaOmega.Flatbed.WorkerService.ServiceInstaller.AccessRights.QueryConfig">
            <summary>Required to call the QueryServiceConfig and QueryServiceConfig2 functions to query the service configuration.</summary>
        </member>
        <member name="F:AlphaOmega.Flatbed.WorkerService.ServiceInstaller.AccessRights.ChangeConfig">
            <summary>
            Required to call the ChangeServiceConfig or ChangeServiceConfig2 function to change the service configuration.
            Because this grants the caller the right to change the executable file that the system runs, it should be granted only to administrators.
            </summary>
        </member>
        <member name="F:AlphaOmega.Flatbed.WorkerService.ServiceInstaller.AccessRights.QueryStatus">
            <summary>
            Required to call the QueryServiceStatus or QueryServiceStatusEx function to ask the service control manager about the status of the service.
            Required to call the NotifyServiceStatusChange function to receive notification when a service changes status.
            </summary>
        </member>
        <member name="F:AlphaOmega.Flatbed.WorkerService.ServiceInstaller.AccessRights.EnumerateDependencies">
            <summary>Required to call the EnumDependentServices function to enumerate all the services dependent on the service.</summary>
        </member>
        <member name="F:AlphaOmega.Flatbed.WorkerService.ServiceInstaller.AccessRights.Start">
            <summary>Required to call the StartService function to start the service.</summary>
        </member>
        <member name="F:AlphaOmega.Flatbed.WorkerService.ServiceInstaller.AccessRights.Stop">
            <summary>Required to call the ControlService function to stop the service.</summary>
        </member>
        <member name="F:AlphaOmega.Flatbed.WorkerService.ServiceInstaller.AccessRights.PauseContinue">
            <summary>Required to call the ControlService function to pause or continue the service.</summary>
        </member>
        <member name="F:AlphaOmega.Flatbed.WorkerService.ServiceInstaller.AccessRights.Interrogate">
            <summary>Required to call the ControlService function to ask the service to report its status immediately.</summary>
        </member>
        <member name="F:AlphaOmega.Flatbed.WorkerService.ServiceInstaller.AccessRights.UserDefinedControl">
            <summary>Required to call the ControlService function to specify a user-defined control code.</summary>
        </member>
        <member name="F:AlphaOmega.Flatbed.WorkerService.ServiceInstaller.AccessRights.AllAccess">
            <summary>Includes <see cref="F:AlphaOmega.Flatbed.WorkerService.ServiceInstaller.AccessRights.StandardRightsRequired"/> in addition to all access rights in this table.</summary>
        </member>
        <member name="T:AlphaOmega.Flatbed.WorkerService.ServiceInstaller.ServiceType">
            <summary>The service type.</summary>
        </member>
        <member name="F:AlphaOmega.Flatbed.WorkerService.ServiceInstaller.ServiceType.KernelDriver">
            <summary>Driver service.</summary>
        </member>
        <member name="F:AlphaOmega.Flatbed.WorkerService.ServiceInstaller.ServiceType.FileSystemDriver">
            <summary>File system driver service.</summary>
        </member>
        <member name="F:AlphaOmega.Flatbed.WorkerService.ServiceInstaller.ServiceType.Adapter">
            <summary>Reserved.</summary>
        </member>
        <member name="F:AlphaOmega.Flatbed.WorkerService.ServiceInstaller.ServiceType.RecognizerDriver">
            <summary>Reserved.</summary>
        </member>
        <member name="F:AlphaOmega.Flatbed.WorkerService.ServiceInstaller.ServiceType.Win32OwnProcess">
            <summary>Service that runs in its own process.</summary>
        </member>
        <member name="F:AlphaOmega.Flatbed.WorkerService.ServiceInstaller.ServiceType.Win32ShareProcess">
            <summary>Service that shares a process with one or more other services. </summary>
        </member>
        <member name="F:AlphaOmega.Flatbed.WorkerService.ServiceInstaller.ServiceType.InteractiveProcess">
            <summary>The service can interact with the desktop. </summary>
        </member>
        <member name="T:AlphaOmega.Flatbed.WorkerService.ServiceInstaller.ErrorControl">
            <summary>The severity of the error, and action taken, if this service fails to start.</summary>
        </member>
        <member name="F:AlphaOmega.Flatbed.WorkerService.ServiceInstaller.ErrorControl.Ignore">
            <summary>The startup program ignores the error and continues the startup operation.</summary>
        </member>
        <member name="F:AlphaOmega.Flatbed.WorkerService.ServiceInstaller.ErrorControl.Normal">
            <summary>The startup program logs the error in the event log but continues the startup operation.</summary>
        </member>
        <member name="F:AlphaOmega.Flatbed.WorkerService.ServiceInstaller.ErrorControl.Severe">
            <summary>
            The startup program logs the error in the event log.
            If the last-known-good configuration is being started, the startup operation continues.
            Otherwise, the system is restarted with the last-known-good configuration.
            </summary>
        </member>
        <member name="F:AlphaOmega.Flatbed.WorkerService.ServiceInstaller.ErrorControl.Critical">
            <summary>
            The startup program logs the error in the event log, if possible.
            If the last-known-good configuration is being started, the startup operation fails.
            Otherwise, the system is restarted with the last-known good configuration.
            </summary>
        </member>
        <member name="T:AlphaOmega.Flatbed.WorkerService.ServiceInstaller.StartType">
            <summary>The service start options.</summary>
        </member>
        <member name="F:AlphaOmega.Flatbed.WorkerService.ServiceInstaller.StartType.BootStart">
            <summary>A device driver started by the system loader. This value is valid only for driver services.</summary>
        </member>
        <member name="F:AlphaOmega.Flatbed.WorkerService.ServiceInstaller.StartType.SystemStart">
            <summary>A device driver started by the IoInitSystem function. This value is valid only for driver services.</summary>
        </member>
        <member name="F:AlphaOmega.Flatbed.WorkerService.ServiceInstaller.StartType.AutoStart">
            <summary>A service started automatically by the service control manager during system startup. For more information, see Automatically Starting Services.</summary>
        </member>
        <member name="F:AlphaOmega.Flatbed.WorkerService.ServiceInstaller.StartType.DemandStart">
            <summary>A service started by the service control manager when a process calls the StartService function. For more information, see Starting Services on Demand.</summary>
        </member>
        <member name="F:AlphaOmega.Flatbed.WorkerService.ServiceInstaller.StartType.Disabled">
            <summary>A service that cannot be started. Attempts to start the service result in the error code ERROR_SERVICE_DISABLED.</summary>
        </member>
        <member name="M:AlphaOmega.Flatbed.WorkerService.ServiceInstaller.OpenSCManager(System.String,System.String,System.Int32)">
            <summary>Establishes a connection to the service control manager on the specified computer and opens the specified service control manager database</summary>
            <param name="lpMachineName">The name of the target computer. If the pointer is NULL or points to an empty string, the function connects to the service control manager on the local computer.</param>
            <param name="lpDatabaseName">The name of the service control manager database. This parameter should be set to SERVICES_ACTIVE_DATABASE. If it is NULL, the SERVICES_ACTIVE_DATABASE database is opened by default.</param>
            <param name="dwDesiredAccess">
            The access to the service control manager. For a list of access rights, see Service Security and Access Rights.
            Before granting the requested access rights, the system checks the access token of the calling process against the discretionary access-control list of the security descriptor associated with the service control manager.
            The SC_MANAGER_CONNECT access right is implicitly specified by calling this function.
            </param>
            <remarks>
            When a process uses the OpenSCManager function to open a handle to a service control manager database, the system performs a security check before granting the requested access. For more information, see Service Security and Access Rights.
            If the current user does not have proper access when connecting to a service on another computer, the OpenSCManager function call fails. To connect to a service remotely, call the LogonUser function with LOGON32_LOGON_NEW_CREDENTIALS and then call ImpersonateLoggedOnUser before calling OpenSCManager. For more information about connecting to services remotely, see Services and RPC/TCP.
            Only processes with Administrator privileges are able to open a database handle that can be used by the CreateService function.
            The returned handle is only valid for the process that called the OpenSCManager function.
            It can be closed by calling the CloseServiceHandle function.
            </remarks>
            <returns>
            If the function succeeds, the return value is a handle to the specified service control manager database.
            If the function fails, the return value is NULL. To get extended error information, call  <see cref="M:System.Runtime.InteropServices.Marshal.GetLastWin32Error"/>.
            The following error codes can be set by the SCM. Other error codes can be set by the registry functions that are called by the SCM.
            </returns>
        </member>
        <member name="M:AlphaOmega.Flatbed.WorkerService.ServiceInstaller.CreateService(System.IntPtr,System.String,System.String,AlphaOmega.Flatbed.WorkerService.ServiceInstaller.AccessRights,AlphaOmega.Flatbed.WorkerService.ServiceInstaller.ServiceType,AlphaOmega.Flatbed.WorkerService.ServiceInstaller.StartType,AlphaOmega.Flatbed.WorkerService.ServiceInstaller.ErrorControl,System.String,System.String,System.Int32,System.String,System.String,System.String)">
            <summary>Creates a service object and adds it to the specified service control manager database</summary>
            <param name="hSCManager">
            A handle to the service control manager database.
            This handle is returned by the <see cref="M:AlphaOmega.Flatbed.WorkerService.ServiceInstaller.OpenSCManager(System.String,System.String,System.Int32)"/> function and must have the SC_MANAGER_CREATE_SERVICE access right.
            For more information, see Service Security and Access Rights.
            </param>
            <param name="lpServiceName">
            The name of the service to install.
            The maximum string length is 256 characters.
            The service control manager database preserves the case of the characters, but service name comparisons are always case insensitive. Forward-slash (/) and backslash (\) are not valid service name characters.
            </param>
            <param name="lpDisplayName">The display name to be used by user interface programs to identify the service. This string has a maximum length of 256 characters. The name is case-preserved in the service control manager. Display name comparisons are always case-insensitive.</param>
            <param name="dwDesiredAccess">The access to the service. Before granting the requested access, the system checks the access token of the calling process. <see cref="T:AlphaOmega.Flatbed.WorkerService.ServiceInstaller.AccessRights"/></param>
            <param name="dwServiceType">
            The service type. This parameter can be one of the following values.
            If you specify either SERVICE_WIN32_OWN_PROCESS or SERVICE_WIN32_SHARE_PROCESS, and the service is running in the context of the LocalSystem account, you can also specify the following value.
            </param>
            <param name="dwStartType">The service start options. This parameter can be one of the following values. <see cref="T:AlphaOmega.Flatbed.WorkerService.ServiceInstaller.StartType"/></param>
            <param name="dwErrorControl">
            The severity of the error, and action taken, if this service fails to start.
            This parameter can be one of the following values.
            </param>
            <param name="lpBinaryPathName">
            The fully qualified path to the service binary file. If the path contains a space, it must be quoted so that it is correctly interpreted. For example, "d:\\my share\\myservice.exe" should be specified as "\"d:\\my share\\myservice.exe\"".
            The path can also include arguments for an auto-start service. For example, "d:\\myshare\\myservice.exe arg1 arg2". These arguments are passed to the service entry point (typically the main function).
            If you specify a path on another computer, the share must be accessible by the computer account of the local computer because this is the security context used in the remote call. However, this requirement allows any potential vulnerabilities in the remote computer to affect the local computer. Therefore, it is best to use a local file.
            </param>
            <param name="lpLoadOrderGroup">
            The names of the load ordering group of which this service is a member. Specify NULL or an empty string if the service does not belong to a group.
            The startup program uses load ordering groups to load groups of services in a specified order with respect to the other groups. The list of load ordering groups is contained in the following registry value:
            HKEY_LOCAL_MACHINE\System\CurrentControlSet\Control\ServiceGroupOrder
            </param>
            <param name="lpdwTagId">
            A pointer to a variable that receives a tag value that is unique in the group specified in the <c>lpLoadOrderGroup</c> parameter. Specify NULL if you are not changing the existing tag.
            You can use a tag for ordering service startup within a load ordering group by specifying a tag order vector in the following registry value:
            HKEY_LOCAL_MACHINE\System\CurrentControlSet\Control\GroupOrderList
            Tags are only evaluated for driver services that have SERVICE_BOOT_START or SERVICE_SYSTEM_START start types.
            </param>
            <param name="lpDependencies">
            A pointer to a double null-terminated array of null-separated names of services or load ordering groups that the system must start before this service. Specify NULL or an empty string if the service has no dependencies. Dependency on a group means that this service can run if at least one member of the group is running after an attempt to start all members of the group.
            You must prefix group names with SC_GROUP_IDENTIFIER so that they can be distinguished from a service name, because services and service groups share the same name space.
            </param>
            <param name="lpServiceStartName">
            The name of the account under which the service should run. If the service type is SERVICE_WIN32_OWN_PROCESS, use an account name in the form DomainName\UserName. The service process will be logged on as this user. If the account belongs to the built-in domain, you can specify .\UserName.
            If this parameter is NULL, CreateService uses the LocalSystem account. If the service type specifies SERVICE_INTERACTIVE_PROCESS, the service must run in the LocalSystem account.
            If this parameter is NT AUTHORITY\LocalService, CreateService uses the LocalService account. If the parameter is NT AUTHORITY\NetworkService, CreateService uses the NetworkService account.
            A shared process can run as any user.
            If the service type is SERVICE_KERNEL_DRIVER or SERVICE_FILE_SYSTEM_DRIVER, the name is the driver object name that the system uses to load the device driver. Specify NULL if the driver is to use a default object name created by the I/O system.
            A service can be configured to use a managed account or a virtual account. If the service is configured to use a managed service account, the name is the managed service account name. If the service is configured to use a virtual account, specify the name as NT SERVICE\ServiceName. For more information about managed service accounts and virtual accounts, see the Service Accounts Step-by-Step Guide.
            Windows Server 2008, Windows Vista, Windows Server 2003, and Windows XP:  Managed service accounts and virtual accounts are not supported until Windows 7 and Windows Server 2008 R2.
            </param>
            <param name="lpPassword">
            The password to the account name specified by the <c>lpServiceStartName</c> parameter. Specify an empty string if the account has no password or if the service runs in the LocalService, NetworkService, or LocalSystem account. For more information, see Service Record List.
            If the account name specified by the lpServiceStartName parameter is the name of a managed service account or virtual account name, the lpPassword parameter must be NULL.
            Passwords are ignored for driver services.
            </param>
            <remarks>
            The CreateService function creates a service object and installs it in the service control manager database by creating a key with the same name as the service under the following registry key:
            HKEY_LOCAL_MACHINE\System\CurrentControlSet\Services
            Information specified by CreateService, ChangeServiceConfig, and ChangeServiceConfig2 is saved as values under this key. The following are examples of values stored for a service.
            </remarks>
            <returns>
            If the function succeeds, the return value is a handle to the service.
            If the function fails, the return value is NULL. To get extended error information, call <see cref="M:System.Runtime.InteropServices.Marshal.GetLastWin32Error"/>.
            The following error codes can be set by the service control manager. Other error codes can be set by the registry functions that are called by the service control manager.
            </returns>
        </member>
        <member name="M:AlphaOmega.Flatbed.WorkerService.ServiceInstaller.CloseServiceHandle(System.IntPtr)">
            <summary>Closes a handle to a service control manager or service object</summary>
            <param name="hSCObject">
            A handle to the service control manager object or the service object to close.
            Handles to service control manager objects are returned by the <see cref="M:AlphaOmega.Flatbed.WorkerService.ServiceInstaller.OpenSCManager(System.String,System.String,System.Int32)"/> function, and handles to service objects are returned by either the <see cref="M:AlphaOmega.Flatbed.WorkerService.ServiceInstaller.OpenService(System.IntPtr,System.String,System.Int32)"/> or <see cref="M:AlphaOmega.Flatbed.WorkerService.ServiceInstaller.CreateService(System.IntPtr,System.String,System.String,AlphaOmega.Flatbed.WorkerService.ServiceInstaller.AccessRights,AlphaOmega.Flatbed.WorkerService.ServiceInstaller.ServiceType,AlphaOmega.Flatbed.WorkerService.ServiceInstaller.StartType,AlphaOmega.Flatbed.WorkerService.ServiceInstaller.ErrorControl,System.String,System.String,System.Int32,System.String,System.String,System.String)"/> function.
            </param>
            <remarks>
            The CloseServiceHandle function does not destroy the service control manager object referred to by the handle.
            A service control manager object cannot be destroyed.
            A service object can be destroyed by calling the DeleteService function.
            </remarks>
            <returns>
            If the function succeeds, the return value is nonzero.
            If the function fails, the return value is zero. To get extended error information, call <see cref="M:System.Runtime.InteropServices.Marshal.GetLastWin32Error"/>.
            The following error code can be set by the service control manager. Other error codes can be set by registry functions that are called by the service control manager.
            </returns>
        </member>
        <member name="M:AlphaOmega.Flatbed.WorkerService.ServiceInstaller.StartService(System.IntPtr,System.Int32,System.String)">
            <summary>Starts a service.</summary>
            <param name="hService">
            A handle to the service.
            This handle is returned by the <see cref="M:AlphaOmega.Flatbed.WorkerService.ServiceInstaller.OpenService(System.IntPtr,System.String,System.Int32)"/> or <see cref="M:AlphaOmega.Flatbed.WorkerService.ServiceInstaller.CreateService(System.IntPtr,System.String,System.String,AlphaOmega.Flatbed.WorkerService.ServiceInstaller.AccessRights,AlphaOmega.Flatbed.WorkerService.ServiceInstaller.ServiceType,AlphaOmega.Flatbed.WorkerService.ServiceInstaller.StartType,AlphaOmega.Flatbed.WorkerService.ServiceInstaller.ErrorControl,System.String,System.String,System.Int32,System.String,System.String,System.String)"/> function, and it must have the SERVICE_START access right.
            For more information, see Service Security and Access Rights.
            </param>
            <param name="dwNumServiceArgs">
            The number of strings in the <c>lpServiceArgVectors</c> array.
            If <c>lpServiceArgVectors</c> is NULL, this parameter can be zero.
            </param>
            <param name="lpServiceArgVectors">
            The null-terminated strings to be passed to the ServiceMain function for the service as arguments.
            If there are no arguments, this parameter can be NULL.
            Otherwise, the first argument (<c>lpServiceArgVectors[0]</c>) is the name of the service, followed by any additional arguments (<c>lpServiceArgVectors[1]</c> through <c>lpServiceArgVectors[dwNumServiceArgs-1]</c>).
            Driver services do not receive these arguments.
            </param>
            <remarks>
            When a driver service is started, the StartService function does not return until the device driver has finished initializing.
            When a service is started, the Service Control Manager (SCM) spawns the service process, if necessary.
            If the specified service shares a process with other services, the required process may already exist.
            The StartService function does not wait for the first status update from the new service, because it can take a while.
            Instead, it returns when the SCM receives notification from the service control dispatcher that the ServiceMain thread for this service was created successfully.
            The SCM sets the following default status values before returning from StartService:
            <list type="bullet">
            	<item>
            		<description>Current state of the service is set to SERVICE_START_PENDING</description>
            	</item>
            	<item>
            		<description>Controls accepted is set to none (zero)</description>
            	</item>
            	<item>
            		<description>The CheckPoint value is set to zero</description>
            	</item>
            	<item>
            		<description>The WaitHint time is set to 2 seconds</description>
            	</item>
            </list>
            The calling process can determine if the new service has finished its initialization by calling the QueryServiceStatus function periodically to query the service's status.
            A service cannot call StartService during initialization. The reason is that the SCM locks the service control database during initialization, so a call to StartService will block.
            After the service reports to the SCM that it has successfully started, it can call StartService.
            As with ControlService, StartService will block for 30 seconds if any service is busy handling a control code.
            If the busy service still has not returned from its handler function when the timeout expires, StartService fails with ERROR_SERVICE_REQUEST_TIMEOUT.
            This is because the SCM processes only one service control notification at a time.
            </remarks>
            <returns>
            If the function succeeds, the return value is nonzero.
            If the function fails, the return value is zero. To get extended error information, call  <see cref="M:System.Runtime.InteropServices.Marshal.GetLastWin32Error"/>.
            The following error codes can be set by the service control manager. Others can be set by the registry functions that are called by the service control manager.
            </returns>
        </member>
        <member name="M:AlphaOmega.Flatbed.WorkerService.ServiceInstaller.OpenService(System.IntPtr,System.String,System.Int32)">
            <summary>Opens an existing service.</summary>
            <param name="hSCManager">
            A handle to the service control manager database.
            The <see cref="M:AlphaOmega.Flatbed.WorkerService.ServiceInstaller.OpenSCManager(System.String,System.String,System.Int32)"/> function returns this handle.
            For more information, see Service Security and Access Rights.
            </param>
            <param name="lpServiceName">
            The name of the service to be opened. This is the name specified by the lpServiceName parameter of the <see cref="M:AlphaOmega.Flatbed.WorkerService.ServiceInstaller.CreateService(System.IntPtr,System.String,System.String,AlphaOmega.Flatbed.WorkerService.ServiceInstaller.AccessRights,AlphaOmega.Flatbed.WorkerService.ServiceInstaller.ServiceType,AlphaOmega.Flatbed.WorkerService.ServiceInstaller.StartType,AlphaOmega.Flatbed.WorkerService.ServiceInstaller.ErrorControl,System.String,System.String,System.Int32,System.String,System.String,System.String)"/> function when the service object was created, not the service display name that is shown by user interface applications to identify the service.
            The maximum string length is 256 characters. The service control manager database preserves the case of the characters, but service name comparisons are always case insensitive. Forward-slash (/) and backslash (\) are invalid service name characters.
            </param>
            <param name="dwDesiredAccess">
            The access to the service. For a list of access rights, see Service Security and Access Rights.
            Before granting the requested access, the system checks the access token of the calling process against the discretionary access-control list of the security descriptor associated with the service object.
            </param>
            <remarks>
            The returned handle is only valid for the process that called OpenService. It can be closed by calling the <see cref="M:AlphaOmega.Flatbed.WorkerService.ServiceInstaller.CloseServiceHandle(System.IntPtr)"/> function.
            To use OpenService, no privileges are required aside from SC_MANAGER_CONNECT.
            </remarks>
            <returns>
            If the function succeeds, the return value is a handle to the service.
            If the function fails, the return value is NULL. To get extended error information, call <see cref="M:System.Runtime.InteropServices.Marshal.GetLastWin32Error"/>.
            The following error codes can be set by the service control manager. Others can be set by the registry functions that are called by the service control manager.
            </returns>
        </member>
        <member name="M:AlphaOmega.Flatbed.WorkerService.ServiceInstaller.DeleteService(System.IntPtr)">
            <summary>Marks the specified service for deletion from the service control manager database.</summary>
            <param name="hService">
            A handle to the service.
            This handle is returned by the <see cref="M:AlphaOmega.Flatbed.WorkerService.ServiceInstaller.OpenService(System.IntPtr,System.String,System.Int32)"/> or <see cref="M:AlphaOmega.Flatbed.WorkerService.ServiceInstaller.CreateService(System.IntPtr,System.String,System.String,AlphaOmega.Flatbed.WorkerService.ServiceInstaller.AccessRights,AlphaOmega.Flatbed.WorkerService.ServiceInstaller.ServiceType,AlphaOmega.Flatbed.WorkerService.ServiceInstaller.StartType,AlphaOmega.Flatbed.WorkerService.ServiceInstaller.ErrorControl,System.String,System.String,System.Int32,System.String,System.String,System.String)"/> function, and it must have the DELETE access right.
            For more information, see Service Security and Access Rights.
            </param>
            <returns>
            If the function succeeds, the return value is nonzero.
            If the function fails, the return value is zero. To get extended error information, call <see cref="M:System.Runtime.InteropServices.Marshal.GetLastWin32Error"/>.
            The following error codes may be set by the service control manager. Others may be set by the registry functions that are called by the service control manager.
            </returns>
        </member>
        <member name="M:AlphaOmega.Flatbed.WorkerService.ServiceInstaller.InstallService(System.String,System.String,System.String)">
            <summary>This method installs and runs the service in the service control manager</summary>
            <param name="serviceName">Name of the service</param>
            <param name="displayName">Display name of the service</param>
            <param name="binaryPathName">The complete path of the service</param>
            <exception cref="T:System.ComponentModel.Win32Exception">Failed to install service</exception>
        </member>
        <member name="M:AlphaOmega.Flatbed.WorkerService.ServiceInstaller.InstallService(System.String,System.String,AlphaOmega.Flatbed.WorkerService.ServiceInstaller.AccessRights,AlphaOmega.Flatbed.WorkerService.ServiceInstaller.ServiceType,AlphaOmega.Flatbed.WorkerService.ServiceInstaller.StartType,AlphaOmega.Flatbed.WorkerService.ServiceInstaller.ErrorControl,System.String,System.String[],System.String,System.String)">
            <summary>This method installs and runs the service in the service control manager</summary>
            <param name="serviceName">Name of the service</param>
            <param name="displayName">Display name of the service</param>
            <param name="desiredAccess">The access to the service</param>
            <param name="serviceType">The service type</param>
            <param name="startType">The service start options</param>
            <param name="errorControl">The severity of the error, and action taken, if this service fails to start</param>
            <param name="binaryPathName">The fully qualified path to the service binary file</param>
            <param name="dependencies">A pointer to a double null-terminated array of null-separated names of services or load ordering groups that the system must start before this service</param>
            <param name="serviceStartName">The name of the account under which the service should run</param>
            <param name="password">The password to the account name specified by the <c>lpServiceStartName</c> parameter</param>
            <exception cref="T:System.ComponentModel.Win32Exception">Failed to install service</exception>
        </member>
        <member name="M:AlphaOmega.Flatbed.WorkerService.ServiceInstaller.UnInstallService(System.String)">
            <summary>This method uninstalls the service from the service control manager.</summary>
            <param name="serviceName">Name of the service to uninstall.</param>
            <exception cref="T:System.ArgumentNullException"><c>serviceName</c> is required parameter</exception>
            <exception cref="T:System.ComponentModel.Win32Exception">Failed to uninstall service</exception>
        </member>
        <member name="T:AlphaOmega.Flatbed.WorkerService.Plugins.HostService">
            <summary>Host service application main object</summary>
        </member>
        <member name="F:AlphaOmega.Flatbed.WorkerService.Plugins.HostService._cache">
            <summary>Cache data from storage</summary>
        </member>
        <member name="P:AlphaOmega.Flatbed.WorkerService.Plugins.HostService.Form">
            <summary>This property is only for internal use</summary>
        </member>
        <member name="P:AlphaOmega.Flatbed.WorkerService.Plugins.HostService.Object">
            <inheritdoc/>
        </member>
        <member name="P:AlphaOmega.Flatbed.WorkerService.Plugins.HostService.Kernel">
            <summary>Raw interface of current kernel plugin if any</summary>
        </member>
        <member name="M:AlphaOmega.Flatbed.WorkerService.Plugins.HostService.#ctor(AlphaOmega.Flatbed.WorkerService.Service)">
            <summary>Create instance of host service application</summary>
            <param name="form">Worker application instance</param>
            <exception cref="T:System.ArgumentNullException"><paramref name="form"/> is required</exception>
        </member>
        <member name="M:AlphaOmega.Flatbed.WorkerService.Plugins.HostService.LoadPlugins(System.String)">
            <summary>Search and load plugins from specific plugin path</summary>
            <remarks>If folder is not found or not specified then folder <see cref="!:Assembly.GetExecutingAssembly().Location"/> is used</remarks>
        </member>
        <member name="M:AlphaOmega.Flatbed.WorkerService.Plugins.HostService.UnloadPlugins(SAL.Flatbed.DisconnectMode)">
            <summary>Unload all loaded plugins invoking method <see cref="M:SAL.Flatbed.IPlugin.OnDisconnection(SAL.Flatbed.DisconnectMode)"/></summary>
            <param name="reason">Reason why plugins are unloaded</param>
        </member>
        <member name="M:AlphaOmega.Flatbed.WorkerService.Plugins.HostService.GetSessionValue(System.String)">
            <summary>Get object from sessions that was previously stored</summary>
            <param name="name">The object identifier key</param>
            <returns>The object that was stored in current session</returns>
        </member>
        <member name="M:AlphaOmega.Flatbed.WorkerService.Plugins.HostService.SetSessionValue(System.String,System.Object)">
            <summary>Store object in the current session</summary>
            <param name="name">The object identifier key</param>
            <param name="value">The object to store in current session</param>
        </member>
        <member name="F:AlphaOmega.Flatbed.WorkerService.Program._trace">
            Debug "/SAL_Path:C:\Visual Studio Projects\C#\sal.TelegramBot\bin"
        </member>
        <member name="P:AlphaOmega.Flatbed.WorkerService.Program.Trace">
            <summary>Trace logic</summary>
        </member>
        <member name="T:AlphaOmega.Flatbed.WorkerService.Properties.Resources">
            <summary>
              A strongly-typed resource class, for looking up localized strings, etc.
            </summary>
        </member>
        <member name="P:AlphaOmega.Flatbed.WorkerService.Properties.Resources.ResourceManager">
            <summary>
              Returns the cached ResourceManager instance used by this class.
            </summary>
        </member>
        <member name="P:AlphaOmega.Flatbed.WorkerService.Properties.Resources.Culture">
            <summary>
              Overrides the current thread's CurrentUICulture property for all
              resource lookups using this strongly typed resource class.
            </summary>
        </member>
        <member name="P:AlphaOmega.Flatbed.WorkerService.Properties.Resources.Help">
             <summary>
               Looks up a localized string similar to Copyright (c) AlphaOmega https://dkorablin.ru
            Software Abstraction Layer Windows service host.
             </summary>
        </member>
        <member name="T:AlphaOmega.Flatbed.WorkerService.Service">
            <summary>The service instance object</summary>
        </member>
        <member name="P:AlphaOmega.Flatbed.WorkerService.Service.Plugins">
            <summary>The SAL host instance</summary>
        </member>
        <member name="M:AlphaOmega.Flatbed.WorkerService.Service.#ctor">
            <summary>Create instance of windows service or worker service instance</summary>
        </member>
        <member name="M:AlphaOmega.Flatbed.WorkerService.Service.OnStart(System.String[])">
            <inheritdoc/>
        </member>
        <member name="M:AlphaOmega.Flatbed.WorkerService.Service.Start(System.String[])">
            <summary>Start service instance with a list of input arguments</summary>
            <param name="args">The list of custom arguments passed to the service</param>
        </member>
        <member name="M:AlphaOmega.Flatbed.WorkerService.Service.OnStop">
            <inheritdoc/>
        </member>
        <member name="M:AlphaOmega.Flatbed.WorkerService.Service.Dispose(System.Boolean)">
            <inheritdoc/>
        </member>
        <member name="T:AlphaOmega.Flatbed.WorkerService.Settings.AssemblyDataSet">
             <summary>
            Represents a strongly typed in-memory cache of data.
            </summary>
        </member>
        <member name="T:AlphaOmega.Flatbed.WorkerService.Settings.AssemblyDataSet.AssemblyDataTable">
             <summary>
            Represents the strongly named DataTable class.
            </summary>
        </member>
        <member name="T:AlphaOmega.Flatbed.WorkerService.Settings.AssemblyDataSet.AssemblyValuesDataTable">
             <summary>
            Represents the strongly named DataTable class.
            </summary>
        </member>
        <member name="T:AlphaOmega.Flatbed.WorkerService.Settings.AssemblyDataSet.AssemblyRow">
             <summary>
            Represents strongly named DataRow class.
            </summary>
        </member>
        <member name="T:AlphaOmega.Flatbed.WorkerService.Settings.AssemblyDataSet.AssemblyValuesRow">
             <summary>
            Represents strongly named DataRow class.
            </summary>
        </member>
        <member name="T:AlphaOmega.Flatbed.WorkerService.Settings.AssemblyDataSet.AssemblyRowChangeEvent">
             <summary>
            Row event argument class
            </summary>
        </member>
        <member name="T:AlphaOmega.Flatbed.WorkerService.Settings.AssemblyDataSet.AssemblyValuesRowChangeEvent">
             <summary>
            Row event argument class
            </summary>
        </member>
        <member name="T:AlphaOmega.Bll.BllBase`2">
            <summary>Base class responsible for getting data from typed DataSet'ов</summary>
            <remarks>
            15.06.2011 - Added monitoring of file changes on the hard disk
            </remarks>
            <typeparam name="T">Used typed DataSet</typeparam>
            <typeparam name="U">Used typed row from typed DataSet'е with a type <see cref="!:T"/></typeparam>
        </member>
        <member name="F:AlphaOmega.Bll.BllBase`2._watcher">
            <summary>Disk File Change Monitor</summary>
        </member>
        <member name="P:AlphaOmega.Bll.BllBase`2.ConfigFileName">
            <summary>Path to the application configuration file</summary>
        </member>
        <member name="P:AlphaOmega.Bll.BllBase`2.DataSet">
            <summary>Loaded DataSet with application settings</summary>
        </member>
        <member name="P:AlphaOmega.Bll.BllBase`2.IsRowExists">
            <summary>Check for the existsnce of at least one row</summary>
        </member>
        <member name="P:AlphaOmega.Bll.BllBase`2.Table">
            <summary>Business logic table</summary>
        </member>
        <member name="P:AlphaOmega.Bll.BllBase`2.Row">
            <summary>Forst row from table</summary>
        </member>
        <member name="P:AlphaOmega.Bll.BllBase`2.Item(System.Int32)">
            <summary>Get row from current table</summary>
            <param name="index">Row index</param>
            <returns>Row from table by index or null</returns>
        </member>
        <member name="P:AlphaOmega.Bll.BllBase`2.TableId">
            <summary>Table identifier from the DataSet</summary>
        </member>
        <member name="E:AlphaOmega.Bll.BllBase`2.SaveCompeted">
            <summary>Event on completion of data saving</summary>
        </member>
        <member name="M:AlphaOmega.Bll.BllBase`2.#ctor(System.Int32)">
            <summary>Creating an instance of the basic business logic class with loading the contents of the DataSet</summary>
            <remarks>In case of an error reading the settings file, the data is not loaded, no exception is thrown</remarks>
            <param name="tableId">Table identifier</param>
        </member>
        <member name="M:AlphaOmega.Bll.BllBase`2.#ctor(System.String,System.Int32)">
            <summary>Creating an instance of the base business logic class using the loaded DataSet</summary>
            <param name="configFileName">The name of the file from which to load the DataSet</param>
            <param name="tableId">Table identifier that marked as primary in current DataSet</param>
        </member>
        <member name="M:AlphaOmega.Bll.BllBase`2.#ctor(System.String,System.Int32,`0)">
            <summary>Creating an instance of the base business logic class using the DataSet loaded in memory</summary>
            <param name="configFileName">The name of a file from which to load a DataSet</param>
            <param name="tableId">Table identifier from dataset</param>
            <param name="dataSet">Object with data</param>
        </member>
        <member name="M:AlphaOmega.Bll.BllBase`2.Load(System.Boolean)">
            <summary>Loading parameters from a configuration file</summary>
        </member>
        <member name="M:AlphaOmega.Bll.BllBase`2.Save">
            <summary>Saving DataSet to disk</summary>
        </member>
        <member name="M:AlphaOmega.Bll.BllBase`2.SaveAsync">
            <summary>Save DataSync to disk asynchronous</summary>
        </member>
        <member name="M:AlphaOmega.Bll.BllBase`2.SaveAsync(System.Object)">
            <summary>Save data in tables asynchronous</summary>
            <param name="state">Current Business Logic Layer</param>
        </member>
        <member name="M:AlphaOmega.Bll.BllBase`2.Clear">
            <summary>Remove data from all tables in the <see cref="T:System.Data.DataSet"/></summary>
        </member>
        <member name="M:AlphaOmega.Bll.BllBase`2.ClearTable">
            <summary>Clear current table</summary>
        </member>
        <member name="M:AlphaOmega.Bll.BllBase`2.Delete">
            <summary>Physically remove file from file system</summary>
        </member>
        <member name="M:AlphaOmega.Bll.BllBase`2.OnSaveAsyncException(System.Exception)">
            <summary> When an exception occurs when saving a file asynchronously</summary>
            <param name="exc">Exception</param>
        </member>
        <member name="M:AlphaOmega.Bll.BllBase`2.GetConfigFilePath">
            <summary>Get the path to XML file</summary>
            <returns>path to XML file</returns>
        </member>
        <member name="M:AlphaOmega.Bll.BllBase`2.Dispose">
            <summary>Clear the memory occupied by this object</summary>
        </member>
        <member name="M:AlphaOmega.Bll.BllBase`2.Dispose(System.Boolean)">
            <summary>Clear the memory occupied by this object and eliminate all unmanaged code</summary>
            <param name="isManaged">Dispose managed code</param>
        </member>
        <member name="T:AlphaOmega.Console.CmdLineAttribute">
            <summary>Attribute to set on parameter that is visible to set from command line on start</summary>
        </member>
        <member name="P:AlphaOmega.Console.CmdLineAttribute.Alias">
            <summary>Command line parameter alias</summary>
        </member>
        <member name="P:AlphaOmega.Console.CmdLineAttribute.Name">
            <summary>Command line parameter name</summary>
        </member>
        <member name="P:AlphaOmega.Console.CmdLineAttribute.Description">
            <summary>Command line description that visible in help screen</summary>
        </member>
        <member name="P:AlphaOmega.Console.CmdLineAttribute.DefaultValue">
            <summary>Default value</summary>
        </member>
        <member name="P:AlphaOmega.Console.CmdLineAttribute.IsRequired">
            <summary>This parameter is required attribute</summary>
        </member>
        <member name="P:AlphaOmega.Console.CmdLineAttribute.IsVisible">
            <summary>This parameter is visible in the application help screen</summary>
        </member>
        <member name="M:AlphaOmega.Console.CmdLineAttribute.#ctor(System.String,System.String)">
            <summary>Create an attribute instance with name and description</summary>
            <param name="name">Parameter name</param>
            <param name="description">Parameter description</param>
        </member>
        <member name="M:AlphaOmega.Console.CmdLineAttribute.#ctor(System.String,System.String,System.String)">
            <summary>Create an attribute instance with name, description and alias</summary>
            <param name="name">Parameter name</param>
            <param name="alias">Shortened alias parameter name</param>
            <param name="description">Parameter description</param>
        </member>
        <member name="T:AlphaOmega.Console.CmdLineProcessor">
            <summary>Command-line processing class that map command-line arguments to strongly typed object</summary>
        </member>
        <member name="P:AlphaOmega.Console.CmdLineProcessor.CommandLineArgs">
            <summary>Command-line arguments</summary>
        </member>
        <member name="P:AlphaOmega.Console.CmdLineProcessor.IsValid">
            <summary>Data bound to object successfully</summary>
        </member>
        <member name="M:AlphaOmega.Console.CmdLineProcessor.CreateType``1(System.String[])">
            <summary>Create an argument instance and try to map the parameters into arguments</summary>
            <typeparam name="T">Object for mapping arguments</typeparam>
            <param name="args">Command Line Arguments</param>
            <returns>The mapped object, or null if no required parameters are specified</returns>
        </member>
        <member name="M:AlphaOmega.Console.CmdLineProcessor.DataBind(System.Object)">
            <summary>Bind data to an object</summary>
            <param name="dataTarget">The object to which you want to bind data</param>
            <returns>Successful binding of all data</returns>
        </member>
        <member name="M:AlphaOmega.Console.CmdLineProcessor.GetShortKeyList(System.Object)">
            <summary>Get a short list of keys to create help</summary>
            <param name="dataSource">Parameter source with keys</param>
            <returns>Help in short form</returns>
        </member>
        <member name="M:AlphaOmega.Console.CmdLineProcessor.GetFullKeyList(System.Object)">
            <summary>Get a complete list of keys to create help</summary>
            <param name="dataSource">Parameter source with keys</param>
            <returns>Help in a detailed format</returns>
        </member>
        <member name="M:AlphaOmega.Console.CmdLineProcessor.GetArgKeyValue(AlphaOmega.Console.CmdLineAttribute,System.Type)">
            <summary>Get the key value cast to the type of the object to which it will be applied</summary>
            <param name="attribute">An attribute that describes the field to which the value is applied</param>
            <param name="member">Information about the field to which the value is applied</param>
            <returns>The object to be applied to the object</returns>
        </member>
        <member name="M:AlphaOmega.Console.CmdLineProcessor.GetArgKeyValue(System.String)">
            <summary>Get key value from argument passed from command line arguments</summary>
            <param name="key">Key to get values from the arguments</param>
            <returns>Value associated to passed key or null</returns>
        </member>
        <member name="M:AlphaOmega.Console.CmdLineProcessor.IsArgKeyExists(System.String)">
            <summary>Check that corresponding key exists in command line arguments</summary>
            <param name="key">Key to check</param>
            <returns>Key is found</returns>
        </member>
        <member name="T:SAL.Flatbed.Configuration">
            <summary>Basic host settings</summary>
        </member>
        <member name="F:SAL.Flatbed.Configuration.AssemblyFileName">
            <summary>Application settings folder</summary>
        </member>
        <member name="F:SAL.Flatbed.Configuration._company">
            <summary>The company name is the root settings folder</summary>
        </member>
        <member name="F:SAL.Flatbed.Configuration._kernelName">
            <summary>The kernel name is a child folder of the company</summary>
        </member>
        <member name="P:SAL.Flatbed.Configuration.BaseDirectory">
            <summary>Default working folder</summary>
            <remarks>DKorablin (21.09.2018): Environment.CurrentDirectory - Removed search for plugins from the current folder, because when launched through system utilities, current folder goes to %WINDIR%\System32 (runas, autorun)</remarks>
        </member>
        <member name="P:SAL.Flatbed.Configuration.Plugin.SettingsPath">
            <summary>Folder to save application settings</summary>
        </member>
        <member name="M:SAL.Flatbed.Configuration.Plugin.SetKernelForSettigns(SAL.Flatbed.IPluginDescription)">
            <summary>Set plugin to mark root settings folder</summary>
            <param name="kernel">Kernel plugin that will be used as root for application settings</param>
        </member>
        <member name="T:SAL.Flatbed.FilePluginProvider">
            <summary>A provider that provides search for plugins in the file system</summary>
        </member>
        <member name="F:SAL.Flatbed.FilePluginProvider._pluginPath">
            <summary>The folder from which the plugins were loaded</summary>
        </member>
        <member name="F:SAL.Flatbed.FilePluginProvider._failedAssembliesCache">
            <summary>Cache for failed assemblies. To speedup load time</summary>
        </member>
        <member name="P:SAL.Flatbed.FilePluginProvider.Host">
            <summary>Host running application</summary>
        </member>
        <member name="P:SAL.Flatbed.FilePluginProvider.SAL#Flatbed#IPluginProvider#ParentProvider">
            <summary>Parent plugin provider that loads current plugin provider</summary>
        </member>
        <member name="M:SAL.Flatbed.FilePluginProvider.#ctor(SAL.Flatbed.IHost)">
            <summary>Creating a plugin provider by searching for new plugins in the current directory from which the application is launched</summary>
            <param name="host">Host control interface from current application</param>
        </member>
        <member name="M:SAL.Flatbed.FilePluginProvider.#ctor(SAL.Flatbed.IHost,System.String)">
            <summary>Creating a plugin provider with a pluginPath where plugins are located</summary>
            <param name="host">Host control interface from current application</param>
            <param name="pluginPath">The path to the folder in which to search for plugins</param>
        </member>
        <member name="M:SAL.Flatbed.FilePluginProvider.SAL#Flatbed#IPluginProvider#ResolveAssembly(System.String)">
            <summary>Resolve assembly referenced by plugin</summary>
            <param name="assemblyName">The name of the required assembly</param>
            <returns>Found assembly or null</returns>
        </member>
        <member name="M:SAL.Flatbed.XmlSettingsPlugin.SAL#Flatbed#IPlugin#OnConnection(SAL.Flatbed.ConnectMode)">
            <summary>Method is called after connected to host</summary>
            <param name="mode">How plugin is connected</param>
            <returns>Plugin connection result</returns>
        </member>
        <member name="M:SAL.Flatbed.XmlSettingsPlugin.SAL#Flatbed#IPlugin#OnDisconnection(SAL.Flatbed.DisconnectMode)">
            <summary>Method is called by host before plugin is disconnected</summary>
            <param name="mode">How plugin is disconnected</param>
            <returns>Plugin disconnection result</returns>
        </member>
        <member name="T:SAL.Flatbed.XmlSettings">
            <summary>Plugin settings provider</summary>
        </member>
        <member name="M:SAL.Flatbed.XmlSettings.BinarySaver.Deserialize(System.Byte[])">
            <summary>Deserialize an array of bytes</summary>
            <param name="settings">serialized object</param>
            <returns></returns>
        </member>
        <member name="M:SAL.Flatbed.XmlSettings.BinarySaver.Serialize(System.Object)">
            <summary>Serialize object to byte array</summary>
            <param name="settings">Object to serialize</param>
            <returns>Serialization result</returns>
        </member>
        <member name="P:SAL.Flatbed.XmlSettings.SettingsFolder">
            <summary>Folder where files are stored</summary>
            <remarks>Tied to multiple solutions. Do not change.</remarks>
        </member>
        <member name="P:SAL.Flatbed.XmlSettings.ParentProvider">
            <summary>Parent provider to store settings</summary>
        </member>
        <member name="P:SAL.Flatbed.XmlSettings.Item(System.Int32)">
            <summary>Get plugin description row by plugin identifier</summary>
            <param name="ID">Plugin identifier</param>
            <returns>Plugin description row or null</returns>
        </member>
        <member name="P:SAL.Flatbed.XmlSettings.Item(SAL.Flatbed.IPluginDescription)">
            <summary>Get a row that defines the assembly of the plugin</summary>
            <param name="plugin">Plugin description interface which we need to find</param>
            <returns>Row with data that belongs to plugin</returns>
        </member>
        <member name="P:SAL.Flatbed.XmlSettings.Assemblies">
            <summary>Get a list of all assemblies that have saved their settings</summary>
        </member>
        <member name="P:SAL.Flatbed.XmlSettings.ConfigFileName">
            <summary>path to XML settings file</summary>
        </member>
        <member name="M:SAL.Flatbed.XmlSettings.#ctor(SAL.Flatbed.XmlSettingsPlugin)">
            <summary>Creating an instance of a settings provider in an XML File</summary>
            <param name="plugin">XML settings plugin instance</param>
        </member>
        <member name="M:SAL.Flatbed.XmlSettings.GetPluginBlobFolder(SAL.Flatbed.IPluginDescription)">
            <summary>Get folder to save large plugin objects</summary>
            <param name="plugin">Plugin interface, the parameter by which to get</param>
            <returns>Folder for storing large plugin objects</returns>
        </member>
        <member name="M:SAL.Flatbed.XmlSettings.OnSaveAsyncException(System.Exception)">
            <summary>Exception on asynchronous exception</summary>
            <param name="exc">Exception</param>
        </member>
        <member name="M:SAL.Flatbed.XmlSettings.LoadAssemblyParameter(SAL.Flatbed.IPluginDescription,System.String)">
            <summary>Get parameter value from settings</summary>
            <param name="plugin">Plugin interface whose parameter value is to be obtained</param>
            <param name="key">The key by which to get the value</param>
            <returns>Value stored in storage or null</returns>
            <exception cref="T:System.ArgumentNullException">plugin is null</exception>
            <exception cref="T:System.ArgumentNullException">key is null or empty</exception>
        </member>
        <member name="M:SAL.Flatbed.XmlSettings.LoadAssemblyParameterI(AlphaOmega.Flatbed.WorkerService.Settings.AssemblyDataSet.AssemblyRow,System.String)">
            <summary>Get parameter from plugin settings</summary>
            <param name="asm">A row characterizing the plugin</param>
            <param name="key">The key of the value by which to get the value</param>
            <returns>Value stored in storage or null</returns>
        </member>
        <member name="M:SAL.Flatbed.XmlSettings.GetAssemblyParametersI(SAL.Flatbed.IPluginDescription)">
            <summary>Getting a list of plugin parameters without additional checks and downloads</summary>
            <param name="plugin">Plugin for which you need to load all parameters</param>
            <returns>List of plugin settings values</returns>
        </member>
        <member name="M:SAL.Flatbed.XmlSettings.LoadAssemblyBlob(SAL.Flatbed.IPluginDescription,System.String)">
            <summary>Get a large value from storage</summary>
            <param name="plugin">Plugin interface where value is belongs</param>
            <param name="key">Key for the value to load from storage</param>
            <returns>Large object value found by key or null</returns>
            <exception cref="T:System.ArgumentNullException">plugin is null</exception>
            <exception cref="T:System.ArgumentNullException">key is null or empty</exception>
        </member>
        <member name="M:SAL.Flatbed.XmlSettings.LoadAssemblyParameters``1(SAL.Flatbed.IPluginDescription,``0)">
            <summary>Fill settings object with parameters for specified plugin</summary>
            <param name="plugin">Plugin that hosts settings object</param>
            <param name="settings">Settings object that is used as container for the settings</param>
            <typeparam name="T">Settings type</typeparam>
            <exception cref="T:System.ArgumentNullException">plugin is null</exception>
            <exception cref="T:System.ArgumentNullException">settings is null</exception>
        </member>
        <member name="M:SAL.Flatbed.XmlSettings.LoadAssemblyParameters(SAL.Flatbed.IPluginDescription)">
            <summary>Get list of all settings values from the storage</summary>
            <param name="plugin">Plugin interface whose keys and parameter values need to be obtained</param>
            <returns>All array of parameter values that belongs to current plugin</returns>
            <exception cref="T:System.ArgumentNullException">plugin is null</exception>
        </member>
        <member name="M:SAL.Flatbed.XmlSettings.GetAssemblyParameter(System.Int32,System.String)">
            <summary>Get parameter from settings for plugin by build id</summary>
            <param name="assemblyId">Assembly identifier from table <see cref="T:System.Reflection.Assembly"/></param>
            <param name="key">Value key which is used to get value</param>
            <returns>Key value pair by key and assembly Id</returns>
        </member>
        <member name="M:SAL.Flatbed.XmlSettings.GetAssemblyParameters(System.Int32)">
            <summary>Get a list of all parameters by plugin identifier</summary>
            <param name="assemblyID">Assembly identifier of the parameters for which you need to get</param>
            <returns>Rows with assembly parameters</returns>
        </member>
        <member name="M:SAL.Flatbed.XmlSettings.SaveAssemblyParameters(SAL.Flatbed.IPluginDescription)">
            <summary>Store assembly parameters in storage</summary>
            <param name="plugin">Plugin which values we need to store in the storage</param>
            <exception cref="T:System.ArgumentNullException"><c>plugin</c> is <c>null</c></exception>
            <exception cref="T:System.ArgumentException"><c>plugin</c> does not inherits <c>ICustomizable</c></exception>
            <exception cref="T:System.ArgumentNullException"><c>((ICustomizable)plugin).Settings</c> is null</exception>
        </member>
        <member name="M:SAL.Flatbed.XmlSettings.SaveAssemblyParameter(SAL.Flatbed.IPluginDescription,System.String,System.Object)">
            <summary>Store assembly parameter in storage by plugin interface and parameter key</summary>
            <remarks>While saving <see cref="T:System.Enum"/> values they converted to simle type</remarks>
            <param name="plugin">Plugin description that parameter belongs</param>
            <param name="key">Parameter key</param>
            <param name="value">Value</param>
            <exception cref="T:System.ArgumentNullException"><c>plugin</c> is null</exception>
            <exception cref="T:System.ArgumentNullException"><c>key</c> is null or empty string</exception>
        </member>
        <member name="M:SAL.Flatbed.XmlSettings.SaveAssemblyParameter(AlphaOmega.Flatbed.WorkerService.Settings.AssemblyDataSet.AssemblyRow,System.String,System.Object,System.Boolean)">
            <summary>Save assembly parameter in storage by assembly row and parameter key</summary>
            <param name="asm">Row in the XML table that previously store current parameter value</param>
            <param name="key">Parameter key</param>
            <param name="value">Parameter value</param>
            <param name="save">Store storage on the disk after parameter modified or added</param>
        </member>
        <member name="M:SAL.Flatbed.XmlSettings.SaveAssemblyBlob(SAL.Flatbed.IPluginDescription,System.String,System.IO.Stream)">
            <summary>Store large parameter value in the storage by plugin interface</summary>
            <param name="plugin">Plugin interface to which property value is belongs</param>
            <param name="key">Property identity key</param>
            <param name="value">Value of the large object</param>
            <exception cref="T:System.ArgumentNullException">plugin is null</exception>
            <exception cref="T:System.ArgumentNullException">key is null or empty</exception>
            <exception cref="T:System.ArgumentNullException">value is null or empty</exception>
        </member>
        <member name="M:SAL.Flatbed.XmlSettings.RemoveAssemblyParameter(SAL.Flatbed.IPluginDescription)">
            <summary>Remove all assembly parameters from storage</summary>
            <param name="plugin">Plugin interface for which parameters need to be removed</param>
            <exception cref="T:System.ArgumentNullException">plugin is null</exception>
        </member>
        <member name="M:SAL.Flatbed.XmlSettings.RemoveAssemblyParameter(SAL.Flatbed.IPluginDescription,System.String)">
            <summary>Remove assembly parameter from plugin settings storage</summary>
            <param name="plugin">Plugin interface to which parameter belongs and need to be removed</param>
            <param name="key">Parameter key to delete</param>
            <returns>Parameter removed successfully</returns>
            <exception cref="T:System.ArgumentNullException">plugin is null</exception>
            <exception cref="T:System.ArgumentNullException">key is null or empty</exception>
        </member>
        <member name="M:SAL.Flatbed.XmlSettings.RemoveAssemblyBlob(SAL.Flatbed.IPluginDescription,System.String)">
            <summary>Delete a large object from storage using the plugin interface</summary>
            <param name="plugin">Plugin interface, the parameter to delete</param>
            <param name="key">LOB key to delete</param>
            <returns>Deleting a large object was successful</returns>
            <exception cref="T:System.ArgumentNullException">plugin is null</exception>
            <exception cref="T:System.ArgumentNullException">key is null or empty</exception>
        </member>
        <member name="M:SAL.Flatbed.XmlSettings.CanSaveProperty(System.Reflection.PropertyInfo)">
            <summary>Checking if a property can be stored in the settings provider</summary>
            <param name="property">Property information</param>
            <returns>Property can be saved in storage</returns>
        </member>
    </members>
</doc>
